timeframe,atr_multiplier,score_threshold,shared_return_pct,shared_max_drawdown_pct,shared_trades_executed,shared_trades_skipped,symbol_metrics
1h,1.8,60.0,1.8143163261091104,17.81135750521285,143,6,"{'BTC': {'initial_cash': 1000.0, 'final_cash': 975.4461771381485, 'total_pnl': -24.553822861851472, 'total_return_pct': -2.4553822861851473, 'total_trades': 20, 'daily_trades': 0.2185792349726776, 'winning_trades': 11, 'losing_trades': 9, 'win_rate_pct': 55.00000000000001, 'profit_factor': 0.7319386607440694, 'max_drawdown_pct': 5.335013785475642, 'sharpe_ratio': -0.7319367765049976, 'total_fees': 14.085130709261197, 'total_slippage_cost': 9.37024082706745}, 'ETH': {'initial_cash': 1000.0, 'final_cash': 1062.5717885649092, 'total_pnl': 62.571788564909184, 'total_return_pct': 6.257178856490918, 'total_trades': 24, 'daily_trades': 0.26229508196721313, 'winning_trades': 14, 'losing_trades': 10, 'win_rate_pct': 58.333333333333336, 'profit_factor': 1.5710458661919218, 'max_drawdown_pct': 5.270122349149724, 'sharpe_ratio': 1.8377789248989038, 'total_fees': 13.149198658231773, 'total_slippage_cost': 7.165045734715712}, 'BNB': {'initial_cash': 1000.0, 'final_cash': 943.1495193666375, 'total_pnl': -56.85048063336251, 'total_return_pct': -5.685048063336251, 'total_trades': 31, 'daily_trades': 0.33879781420765026, 'winning_trades': 12, 'losing_trades': 19, 'win_rate_pct': 38.70967741935484, 'profit_factor': 0.7389693088637029, 'max_drawdown_pct': 11.301062304617, 'sharpe_ratio': -1.4029864572809687, 'total_fees': 14.377332782226535, 'total_slippage_cost': 8.705529866459813}, 'SOL': {'initial_cash': 1000.0, 'final_cash': 1004.7958491715444, 'total_pnl': 4.7958491715444325, 'total_return_pct': 0.4795849171544433, 'total_trades': 20, 'daily_trades': 0.2185792349726776, 'winning_trades': 9, 'losing_trades': 11, 'win_rate_pct': 45.0, 'profit_factor': 1.0579393139528073, 'max_drawdown_pct': 4.646169093808794, 'sharpe_ratio': 0.20007897467526567, 'total_fees': 5.3863411310992335, 'total_slippage_cost': 2.990330939642611}, 'AVAX': {'initial_cash': 1000.0, 'final_cash': 961.519685250056, 'total_pnl': -38.480314749944, 'total_return_pct': -3.8480314749943996, 'total_trades': 20, 'daily_trades': 0.2186539118551418, 'winning_trades': 10, 'losing_trades': 10, 'win_rate_pct': 50.0, 'profit_factor': 0.646180410442856, 'max_drawdown_pct': 9.097790705252613, 'sharpe_ratio': -1.2164090526547255, 'total_fees': 5.812074292957593, 'total_slippage_cost': 3.5919524264530915}, 'LINK': {'initial_cash': 1000.0, 'final_cash': 1085.137803889244, 'total_pnl': 85.13780388924397, 'total_return_pct': 8.513780388924397, 'total_trades': 34, 'daily_trades': 0.371711650153741, 'winning_trades': 21, 'losing_trades': 13, 'win_rate_pct': 61.76470588235294, 'profit_factor': 1.6234775534244388, 'max_drawdown_pct': 3.5520139864245106, 'sharpe_ratio': 1.9279862063755087, 'total_fees': 10.938349974358154, 'total_slippage_cost': 6.018465623903863}}"
1h,1.9,60.0,4.239382752342817,13.838442132536418,142,7,"{'BTC': {'initial_cash': 1000.0, 'final_cash': 982.0798799437978, 'total_pnl': -17.920120056202222, 'total_return_pct': -1.7920120056202222, 'total_trades': 20, 'daily_trades': 0.2185792349726776, 'winning_trades': 11, 'losing_trades': 9, 'win_rate_pct': 55.00000000000001, 'profit_factor': 0.817428516538012, 'max_drawdown_pct': 4.788377257437652, 'sharpe_ratio': -0.5077424346706066, 'total_fees': 13.288583188558187, 'total_slippage_cost': 8.701947855692403}, 'ETH': {'initial_cash': 1000.0, 'final_cash': 1055.776645029497, 'total_pnl': 55.776645029497104, 'total_return_pct': 5.577664502949711, 'total_trades': 24, 'daily_trades': 0.26229508196721313, 'winning_trades': 14, 'losing_trades': 10, 'win_rate_pct': 58.333333333333336, 'profit_factor': 1.5165218277686825, 'max_drawdown_pct': 5.226394709198917, 'sharpe_ratio': 1.6889950980028992, 'total_fees': 12.488940154274815, 'total_slippage_cost': 6.92421225827426}, 'BNB': {'initial_cash': 1000.0, 'final_cash': 943.9551219561893, 'total_pnl': -56.04487804381074, 'total_return_pct': -5.6044878043810735, 'total_trades': 31, 'daily_trades': 0.33879781420765026, 'winning_trades': 12, 'losing_trades': 19, 'win_rate_pct': 38.70967741935484, 'profit_factor': 0.7409323670246994, 'max_drawdown_pct': 11.189431989178273, 'sharpe_ratio': -1.4286440442944746, 'total_fees': 13.625986564853953, 'total_slippage_cost': 8.250021752178194}, 'SOL': {'initial_cash': 1000.0, 'final_cash': 1004.9845231268989, 'total_pnl': 4.984523126898921, 'total_return_pct': 0.49845231268989215, 'total_trades': 20, 'daily_trades': 0.2185792349726776, 'winning_trades': 9, 'losing_trades': 11, 'win_rate_pct': 45.0, 'profit_factor': 1.0588868174291317, 'max_drawdown_pct': 4.622005633345236, 'sharpe_ratio': 0.21061697016003628, 'total_fees': 5.103442922753396, 'total_slippage_cost': 2.8323968172705696}, 'AVAX': {'initial_cash': 1000.0, 'final_cash': 944.1318281192476, 'total_pnl': -55.86817188075236, 'total_return_pct': -5.586817188075235, 'total_trades': 20, 'daily_trades': 0.2186539118551418, 'winning_trades': 9, 'losing_trades': 11, 'win_rate_pct': 45.0, 'profit_factor': 0.5187053199474241, 'max_drawdown_pct': 9.026121725239857, 'sharpe_ratio': -1.8466887766282898, 'total_fees': 5.533172076795983, 'total_slippage_cost': 3.48706282876098}, 'LINK': {'initial_cash': 1000.0, 'final_cash': 1115.7303804944784, 'total_pnl': 115.73038049447837, 'total_return_pct': 11.573038049447836, 'total_trades': 34, 'daily_trades': 0.371711650153741, 'winning_trades': 21, 'losing_trades': 13, 'win_rate_pct': 61.76470588235294, 'profit_factor': 1.836763924774482, 'max_drawdown_pct': 4.255952785167616, 'sharpe_ratio': 2.5332415890777153, 'total_fees': 10.14239881699858, 'total_slippage_cost': 5.275249586307031}}"
1h,2.0,60.0,5.547442448838432,10.136013268311519,138,9,"{'BTC': {'initial_cash': 1000.0, 'final_cash': 1006.1238111972606, 'total_pnl': 6.123811197260579, 'total_return_pct': 0.6123811197260579, 'total_trades': 19, 'daily_trades': 0.20765027322404372, 'winning_trades': 12, 'losing_trades': 7, 'win_rate_pct': 63.1578947368421, 'profit_factor': 1.1764843880133362, 'max_drawdown_pct': 3.5603408758446498, 'sharpe_ratio': 0.22996953478981177, 'total_fees': 12.034992648001662, 'total_slippage_cost': 7.833468329083633}, 'ETH': {'initial_cash': 1000.0, 'final_cash': 1103.3084624372711, 'total_pnl': 103.30846243727115, 'total_return_pct': 10.330846243727114, 'total_trades': 23, 'daily_trades': 0.25136612021857924, 'winning_trades': 15, 'losing_trades': 8, 'win_rate_pct': 65.21739130434783, 'profit_factor': 2.1335669091457734, 'max_drawdown_pct': 3.7277921848328384, 'sharpe_ratio': 2.993439971725656, 'total_fees': 11.367184370712046, 'total_slippage_cost': 6.046749277752077}, 'BNB': {'initial_cash': 1000.0, 'final_cash': 930.5889323207725, 'total_pnl': -69.41106767922747, 'total_return_pct': -6.941106767922747, 'total_trades': 31, 'daily_trades': 0.33879781420765026, 'winning_trades': 12, 'losing_trades': 19, 'win_rate_pct': 38.70967741935484, 'profit_factor': 0.669209799648726, 'max_drawdown_pct': 11.70777103722369, 'sharpe_ratio': -1.8137684045628955, 'total_fees': 12.968521425423447, 'total_slippage_cost': 7.9624015501963}, 'SOL': {'initial_cash': 1000.0, 'final_cash': 1004.981606487034, 'total_pnl': 4.981606487034014, 'total_return_pct': 0.49816064870340143, 'total_trades': 20, 'daily_trades': 0.2185792349726776, 'winning_trades': 9, 'losing_trades': 11, 'win_rate_pct': 45.0, 'profit_factor': 1.0582228883112526, 'max_drawdown_pct': 4.613988905072586, 'sharpe_ratio': 0.21192757159716683, 'total_fees': 4.848208440547738, 'total_slippage_cost': 2.6899552888600327}, 'AVAX': {'initial_cash': 1000.0, 'final_cash': 922.2669459704516, 'total_pnl': -77.73305402954838, 'total_return_pct': -7.773305402954839, 'total_trades': 20, 'daily_trades': 0.2186539118551418, 'winning_trades': 7, 'losing_trades': 13, 'win_rate_pct': 35.0, 'profit_factor': 0.41589402484056787, 'max_drawdown_pct': 9.397321648281128, 'sharpe_ratio': -2.6667625733754226, 'total_fees': 5.150039836717744, 'total_slippage_cost': 3.2426868833156037}, 'LINK': {'initial_cash': 1000.0, 'final_cash': 1115.908076337415, 'total_pnl': 115.90807633741497, 'total_return_pct': 11.590807633741496, 'total_trades': 34, 'daily_trades': 0.371711650153741, 'winning_trades': 21, 'losing_trades': 13, 'win_rate_pct': 61.76470588235294, 'profit_factor': 1.8385571508161138, 'max_drawdown_pct': 4.204283203343224, 'sharpe_ratio': 2.6026704013096875, 'total_fees': 9.633704087619922, 'total_slippage_cost': 5.008999747203755}}"
1h,2.1,60.0,5.8792101664886784,8.940248132282555,135,10,"{'BTC': {'initial_cash': 1000.0, 'final_cash': 999.4230499866227, 'total_pnl': -0.5769500133773136, 'total_return_pct': -0.05769500133773136, 'total_trades': 19, 'daily_trades': 0.20765027322404372, 'winning_trades': 12, 'losing_trades': 7, 'win_rate_pct': 63.1578947368421, 'profit_factor': 1.0526904051267565, 'max_drawdown_pct': 3.46067984663294, 'sharpe_ratio': 0.02536781567787712, 'total_fees': 11.516228111523242, 'total_slippage_cost': 7.622845951854456}, 'ETH': {'initial_cash': 1000.0, 'final_cash': 1136.0986071904865, 'total_pnl': 136.09860719048652, 'total_return_pct': 13.609860719048653, 'total_trades': 21, 'daily_trades': 0.22950819672131148, 'winning_trades': 15, 'losing_trades': 6, 'win_rate_pct': 71.42857142857143, 'profit_factor': 2.9615804023342744, 'max_drawdown_pct': 3.1061962750626164, 'sharpe_ratio': 3.868852926982906, 'total_fees': 9.82052047910353, 'total_slippage_cost': 4.963511550655094}, 'BNB': {'initial_cash': 1000.0, 'final_cash': 931.2721502399911, 'total_pnl': -68.7278497600089, 'total_return_pct': -6.87278497600089, 'total_trades': 31, 'daily_trades': 0.33879781420765026, 'winning_trades': 12, 'losing_trades': 19, 'win_rate_pct': 38.70967741935484, 'profit_factor': 0.6707824666681816, 'max_drawdown_pct': 11.619335436307386, 'sharpe_ratio': -1.8640870324493128, 'total_fees': 12.354733471417077, 'total_slippage_cost': 7.5850527522794575}, 'SOL': {'initial_cash': 1000.0, 'final_cash': 991.1528990680283, 'total_pnl': -8.847100931971681, 'total_return_pct': -0.8847100931971681, 'total_trades': 20, 'daily_trades': 0.2185792349726776, 'winning_trades': 9, 'losing_trades': 11, 'win_rate_pct': 45.0, 'profit_factor': 0.9346770760240234, 'max_drawdown_pct': 4.593658400097957, 'sharpe_ratio': -0.2733492844989857, 'total_fees': 4.620539020214366, 'total_slippage_cost': 2.624179313824078}, 'AVAX': {'initial_cash': 1000.0, 'final_cash': 922.3738705084113, 'total_pnl': -77.6261294915887, 'total_return_pct': -7.7626129491588705, 'total_trades': 20, 'daily_trades': 0.2186539118551418, 'winning_trades': 7, 'losing_trades': 13, 'win_rate_pct': 35.0, 'profit_factor': 0.41504250257216524, 'max_drawdown_pct': 9.362844262184588, 'sharpe_ratio': -2.755611627102521, 'total_fees': 4.904466506427137, 'total_slippage_cost': 3.0876797032630128}, 'LINK': {'initial_cash': 1000.0, 'final_cash': 1115.448801870255, 'total_pnl': 115.44880187025501, 'total_return_pct': 11.544880187025502, 'total_trades': 34, 'daily_trades': 0.371711650153741, 'winning_trades': 21, 'losing_trades': 13, 'win_rate_pct': 61.76470588235294, 'profit_factor': 1.8393021142894925, 'max_drawdown_pct': 4.157505784471116, 'sharpe_ratio': 2.5629409584999063, 'total_fees': 9.182007966341994, 'total_slippage_cost': 4.830571357746083}}"
1h,2.15,60.0,5.713765733063224,10.099331862704556,135,10,"{'BTC': {'initial_cash': 1000.0, 'final_cash': 988.2657956099679, 'total_pnl': -11.734204390032119, 'total_return_pct': -1.173420439003212, 'total_trades': 19, 'daily_trades': 0.20765027322404372, 'winning_trades': 11, 'losing_trades': 8, 'win_rate_pct': 57.89473684210527, 'profit_factor': 0.8708681643494101, 'max_drawdown_pct': 4.505242730088821, 'sharpe_ratio': -0.33375803301992935, 'total_fees': 11.149944674232696, 'total_slippage_cost': 7.378760348543067}, 'ETH': {'initial_cash': 1000.0, 'final_cash': 1144.2927820768846, 'total_pnl': 144.29278207688458, 'total_return_pct': 14.429278207688458, 'total_trades': 21, 'daily_trades': 0.22950819672131148, 'winning_trades': 15, 'losing_trades': 6, 'win_rate_pct': 71.42857142857143, 'profit_factor': 3.06719174525745, 'max_drawdown_pct': 3.080369566893227, 'sharpe_ratio': 4.075159770656259, 'total_fees': 9.464823377778309, 'total_slippage_cost': 4.583828805576897}, 'BNB': {'initial_cash': 1000.0, 'final_cash': 925.3505877831591, 'total_pnl': -74.64941221684091, 'total_return_pct': -7.464941221684092, 'total_trades': 31, 'daily_trades': 0.33879781420765026, 'winning_trades': 12, 'losing_trades': 19, 'win_rate_pct': 38.70967741935484, 'profit_factor': 0.6395253088411583, 'max_drawdown_pct': 11.77650095063925, 'sharpe_ratio': -2.010328526067186, 'total_fees': 12.119617089473214, 'total_slippage_cost': 7.503380230432399}, 'SOL': {'initial_cash': 1000.0, 'final_cash': 1009.5480074008376, 'total_pnl': 9.548007400837605, 'total_return_pct': 0.9548007400837605, 'total_trades': 20, 'daily_trades': 0.2185792349726776, 'winning_trades': 10, 'losing_trades': 10, 'win_rate_pct': 50.0, 'profit_factor': 1.1083570672091474, 'max_drawdown_pct': 4.584201694278954, 'sharpe_ratio': 0.36593652169516766, 'total_fees': 4.476951419615315, 'total_slippage_cost': 2.4963395346018884}, 'AVAX': {'initial_cash': 1000.0, 'final_cash': 922.5521402668862, 'total_pnl': -77.44785973311377, 'total_return_pct': -7.7447859733113775, 'total_trades': 20, 'daily_trades': 0.2186539118551418, 'winning_trades': 7, 'losing_trades': 13, 'win_rate_pct': 35.0, 'profit_factor': 0.41903442773863286, 'max_drawdown_pct': 8.948974318535537, 'sharpe_ratio': -2.5185877060610733, 'total_fees': 4.8328004525494945, 'total_slippage_cost': 3.038135702221951}, 'LINK': {'initial_cash': 1000.0, 'final_cash': 1094.1169050245749, 'total_pnl': 94.11690502457486, 'total_return_pct': 9.411690502457486, 'total_trades': 34, 'daily_trades': 0.371711650153741, 'winning_trades': 20, 'losing_trades': 14, 'win_rate_pct': 58.82352941176471, 'profit_factor': 1.6462015329290203, 'max_drawdown_pct': 4.1357395329482, 'sharpe_ratio': 2.1291536728225777, 'total_fees': 8.945282497258232, 'total_slippage_cost': 4.798506018590827}}"
1h,2.2,60.0,8.350716403310685,10.79196187833998,135,10,"{'BTC': {'initial_cash': 1000.0, 'final_cash': 1011.0530912622747, 'total_pnl': 11.053091262274734, 'total_return_pct': 1.1053091262274735, 'total_trades': 19, 'daily_trades': 0.20765027322404372, 'winning_trades': 12, 'losing_trades': 7, 'win_rate_pct': 63.1578947368421, 'profit_factor': 1.2234966968825134, 'max_drawdown_pct': 4.318763614399314, 'sharpe_ratio': 0.39304656445851954, 'total_fees': 10.321383484375497, 'total_slippage_cost': 6.224176318570478}, 'ETH': {'initial_cash': 1000.0, 'final_cash': 1144.4674581986815, 'total_pnl': 144.46745819868147, 'total_return_pct': 14.446745819868148, 'total_trades': 21, 'daily_trades': 0.22950819672131148, 'winning_trades': 15, 'losing_trades': 6, 'win_rate_pct': 71.42857142857143, 'profit_factor': 3.071888223698767, 'max_drawdown_pct': 3.052937299494039, 'sharpe_ratio': 4.138679481389296, 'total_fees': 9.251117745720281, 'total_slippage_cost': 4.480160811403541}, 'BNB': {'initial_cash': 1000.0, 'final_cash': 929.2623550980502, 'total_pnl': -70.7376449019498, 'total_return_pct': -7.073764490194981, 'total_trades': 31, 'daily_trades': 0.33879781420765026, 'winning_trades': 13, 'losing_trades': 18, 'win_rate_pct': 41.935483870967744, 'profit_factor': 0.6428472273659613, 'max_drawdown_pct': 11.391938170719088, 'sharpe_ratio': -1.8751096141106882, 'total_fees': 12.024179047439917, 'total_slippage_cost': 7.513222776468689}, 'SOL': {'initial_cash': 1000.0, 'final_cash': 1002.4915303109594, 'total_pnl': 2.4915303109594333, 'total_return_pct': 0.2491530310959433, 'total_trades': 20, 'daily_trades': 0.2185792349726776, 'winning_trades': 10, 'losing_trades': 10, 'win_rate_pct': 50.0, 'profit_factor': 1.038770428706723, 'max_drawdown_pct': 4.575174449584585, 'sharpe_ratio': 0.12583347396037795, 'total_fees': 4.4087006149085095, 'total_slippage_cost': 2.5112555738854017}, 'AVAX': {'initial_cash': 1000.0, 'final_cash': 922.5971230568532, 'total_pnl': -77.4028769431468, 'total_return_pct': -7.740287694314679, 'total_trades': 20, 'daily_trades': 0.2186539118551418, 'winning_trades': 7, 'losing_trades': 13, 'win_rate_pct': 35.0, 'profit_factor': 0.4186124439060938, 'max_drawdown_pct': 8.921928105949357, 'sharpe_ratio': -2.570016866645493, 'total_fees': 4.722426375868041, 'total_slippage_cost': 2.9684827931236293}, 'LINK': {'initial_cash': 1000.0, 'final_cash': 1122.0910138820661, 'total_pnl': 122.09101388206614, 'total_return_pct': 12.209101388206614, 'total_trades': 34, 'daily_trades': 0.371711650153741, 'winning_trades': 21, 'losing_trades': 13, 'win_rate_pct': 61.76470588235294, 'profit_factor': 1.8725106905220628, 'max_drawdown_pct': 3.798759714788917, 'sharpe_ratio': 2.6713054120483664, 'total_fees': 8.921512687362535, 'total_slippage_cost': 4.750580231221558}}"
1h,2.3,60.0,5.79713185652131,12.329010759571542,133,11,"{'BTC': {'initial_cash': 1000.0, 'final_cash': 987.9021655232419, 'total_pnl': -12.097834476758067, 'total_return_pct': -1.2097834476758067, 'total_trades': 19, 'daily_trades': 0.20765027322404372, 'winning_trades': 11, 'losing_trades': 8, 'win_rate_pct': 57.89473684210527, 'profit_factor': 0.8947157821447121, 'max_drawdown_pct': 6.307367481487655, 'sharpe_ratio': -0.34295848040549426, 'total_fees': 9.754656356149692, 'total_slippage_cost': 5.891307881378477}, 'ETH': {'initial_cash': 1000.0, 'final_cash': 1097.025903595759, 'total_pnl': 97.02590359575902, 'total_return_pct': 9.702590359575902, 'total_trades': 21, 'daily_trades': 0.22950819672131148, 'winning_trades': 15, 'losing_trades': 6, 'win_rate_pct': 71.42857142857143, 'profit_factor': 2.448315986304255, 'max_drawdown_pct': 3.63631660839422, 'sharpe_ratio': 2.789727824963095, 'total_fees': 9.07759527289803, 'total_slippage_cost': 4.910548165605988}, 'BNB': {'initial_cash': 1000.0, 'final_cash': 971.5339761017752, 'total_pnl': -28.466023898224762, 'total_return_pct': -2.8466023898224764, 'total_trades': 30, 'daily_trades': 0.32786885245901637, 'winning_trades': 14, 'losing_trades': 16, 'win_rate_pct': 46.666666666666664, 'profit_factor': 0.8535454361393828, 'max_drawdown_pct': 7.604573325060366, 'sharpe_ratio': -0.6368874988080309, 'total_fees': 10.986090733412908, 'total_slippage_cost': 6.776832501646938}, 'SOL': {'initial_cash': 1000.0, 'final_cash': 991.1263271381312, 'total_pnl': -8.87367286186884, 'total_return_pct': -0.8873672861868841, 'total_trades': 20, 'daily_trades': 0.2185792349726776, 'winning_trades': 9, 'losing_trades': 11, 'win_rate_pct': 45.0, 'profit_factor': 0.9326392141539082, 'max_drawdown_pct': 5.640132370761751, 'sharpe_ratio': -0.256318603645538, 'total_fees': 4.206158061076447, 'total_slippage_cost': 2.3994673247063334}, 'AVAX': {'initial_cash': 1000.0, 'final_cash': 926.8453702351043, 'total_pnl': -73.15462976489573, 'total_return_pct': -7.315462976489573, 'total_trades': 20, 'daily_trades': 0.2186539118551418, 'winning_trades': 8, 'losing_trades': 12, 'win_rate_pct': 40.0, 'profit_factor': 0.4033239722680824, 'max_drawdown_pct': 8.460057120788958, 'sharpe_ratio': -2.4520175399100266, 'total_fees': 4.5769470025865955, 'total_slippage_cost': 2.946505675275671}, 'LINK': {'initial_cash': 1000.0, 'final_cash': 1122.1661797924921, 'total_pnl': 122.16617979249213, 'total_return_pct': 12.216617979249213, 'total_trades': 34, 'daily_trades': 0.371711650153741, 'winning_trades': 21, 'losing_trades': 13, 'win_rate_pct': 61.76470588235294, 'profit_factor': 1.8736227214056385, 'max_drawdown_pct': 3.762767929547202, 'sharpe_ratio': 2.755692591373109, 'total_fees': 8.532887630413606, 'total_slippage_cost': 4.542425618952175}}"
1h,2.4,60.0,5.765134138199846,13.61405841826462,132,11,"{'BTC': {'initial_cash': 1000.0, 'final_cash': 988.1860009836952, 'total_pnl': -11.81399901630482, 'total_return_pct': -1.181399901630482, 'total_trades': 19, 'daily_trades': 0.20765027322404372, 'winning_trades': 11, 'losing_trades': 8, 'win_rate_pct': 57.89473684210527, 'profit_factor': 0.8961705539899932, 'max_drawdown_pct': 6.247924193544367, 'sharpe_ratio': -0.34637036363014695, 'total_fees': 9.34967147386922, 'total_slippage_cost': 5.646254466059281}, 'ETH': {'initial_cash': 1000.0, 'final_cash': 1073.4668034457732, 'total_pnl': 73.46680344577317, 'total_return_pct': 7.346680344577317, 'total_trades': 21, 'daily_trades': 0.22950819672131148, 'winning_trades': 15, 'losing_trades': 6, 'win_rate_pct': 71.42857142857143, 'profit_factor': 2.1164003238190725, 'max_drawdown_pct': 4.239793062956155, 'sharpe_ratio': 2.1607444844692147, 'total_fees': 8.944668279171202, 'total_slippage_cost': 5.148087429645043}, 'BNB': {'initial_cash': 1000.0, 'final_cash': 965.00220902605, 'total_pnl': -34.99779097395003, 'total_return_pct': -3.4997790973950034, 'total_trades': 30, 'daily_trades': 0.32786885245901637, 'winning_trades': 14, 'losing_trades': 16, 'win_rate_pct': 46.666666666666664, 'profit_factor': 0.812544650811776, 'max_drawdown_pct': 7.849448219038677, 'sharpe_ratio': -0.8219589400868631, 'total_fees': 10.513414588738819, 'total_slippage_cost': 6.538497284447663}, 'SOL': {'initial_cash': 1000.0, 'final_cash': 1002.3434512267177, 'total_pnl': 2.3434512267176615, 'total_return_pct': 0.23434512267176613, 'total_trades': 20, 'daily_trades': 0.2185792349726776, 'winning_trades': 10, 'losing_trades': 10, 'win_rate_pct': 50.0, 'profit_factor': 1.035951053789136, 'max_drawdown_pct': 5.236533499636993, 'sharpe_ratio': 0.11794772229236597, 'total_fees': 4.101018205357211, 'total_slippage_cost': 2.3573062096918433}, 'AVAX': {'initial_cash': 1000.0, 'final_cash': 947.2167385941656, 'total_pnl': -52.78326140583442, 'total_return_pct': -5.2783261405834425, 'total_trades': 19, 'daily_trades': 0.20772121626238468, 'winning_trades': 9, 'losing_trades': 10, 'win_rate_pct': 47.368421052631575, 'profit_factor': 0.4955056321177553, 'max_drawdown_pct': 8.262275695454031, 'sharpe_ratio': -1.6951524388317203, 'total_fees': 4.3846995390826935, 'total_slippage_cost': 2.7957560072642518}, 'LINK': {'initial_cash': 1000.0, 'final_cash': 1098.752602964888, 'total_pnl': 98.75260296488796, 'total_return_pct': 9.875260296488795, 'total_trades': 34, 'daily_trades': 0.371711650153741, 'winning_trades': 21, 'losing_trades': 13, 'win_rate_pct': 61.76470588235294, 'profit_factor': 1.717521013557647, 'max_drawdown_pct': 4.004669959710928, 'sharpe_ratio': 2.1990336452031296, 'total_fees': 8.23174256831768, 'total_slippage_cost': 4.52967889329407}}"
1h,2.5,60.0,2.7551615354343086,13.21333807848439,128,13,"{'BTC': {'initial_cash': 1000.0, 'final_cash': 988.4299369103118, 'total_pnl': -11.570063089688233, 'total_return_pct': -1.1570063089688232, 'total_trades': 19, 'daily_trades': 0.20765027322404372, 'winning_trades': 11, 'losing_trades': 8, 'win_rate_pct': 57.89473684210527, 'profit_factor': 0.8973132644156662, 'max_drawdown_pct': 6.1944308708274605, 'sharpe_ratio': -0.3499049550078511, 'total_fees': 8.976900846161564, 'total_slippage_cost': 5.420701008439152}, 'ETH': {'initial_cash': 1000.0, 'final_cash': 1071.0020162614758, 'total_pnl': 71.00201626147577, 'total_return_pct': 7.1002016261475775, 'total_trades': 21, 'daily_trades': 0.22950819672131148, 'winning_trades': 16, 'losing_trades': 5, 'win_rate_pct': 76.19047619047619, 'profit_factor': 2.3031955232756425, 'max_drawdown_pct': 3.0490826546827887, 'sharpe_ratio': 2.075907329664071, 'total_fees': 8.528783907608776, 'total_slippage_cost': 4.946906905927304}, 'BNB': {'initial_cash': 1000.0, 'final_cash': 965.3362276010222, 'total_pnl': -34.66377239897781, 'total_return_pct': -3.4663772398977812, 'total_trades': 30, 'daily_trades': 0.32786885245901637, 'winning_trades': 14, 'losing_trades': 16, 'win_rate_pct': 46.666666666666664, 'profit_factor': 0.8133263404240182, 'max_drawdown_pct': 7.774792357611564, 'sharpe_ratio': -0.8450632128441278, 'total_fees': 10.094941531671825, 'total_slippage_cost': 6.2779909592178}, 'SOL': {'initial_cash': 1000.0, 'final_cash': 998.85205595447, 'total_pnl': -1.1479440455300391, 'total_return_pct': -0.11479440455300391, 'total_trades': 19, 'daily_trades': 0.20765027322404372, 'winning_trades': 10, 'losing_trades': 9, 'win_rate_pct': 52.63157894736842, 'profit_factor': 1.0005980466158662, 'max_drawdown_pct': 5.223179292320963, 'sharpe_ratio': 0.0068834196263405905, 'total_fees': 3.7213271188740658, 'total_slippage_cost': 2.1642938910358294}, 'AVAX': {'initial_cash': 1000.0, 'final_cash': 940.6466929991892, 'total_pnl': -59.35330700081079, 'total_return_pct': -5.935330700081079, 'total_trades': 19, 'daily_trades': 0.20772121626238468, 'winning_trades': 9, 'losing_trades': 10, 'win_rate_pct': 47.368421052631575, 'profit_factor': 0.42604349152065235, 'max_drawdown_pct': 8.204206041284813, 'sharpe_ratio': -1.9440307749801249, 'total_fees': 4.23484750952934, 'total_slippage_cost': 2.750121892566032}, 'LINK': {'initial_cash': 1000.0, 'final_cash': 1097.999280819821, 'total_pnl': 97.99928081982102, 'total_return_pct': 9.799928081982102, 'total_trades': 33, 'daily_trades': 0.36077895456098397, 'winning_trades': 20, 'losing_trades': 13, 'win_rate_pct': 60.60606060606061, 'profit_factor': 1.7124141032032272, 'max_drawdown_pct': 3.9634706222890252, 'sharpe_ratio': 2.303088324951004, 'total_fees': 7.825143408647937, 'total_slippage_cost': 4.292448575347241}}"
1h,1.8,65.0,10.00963307783934,10.38279298805628,107,4,"{'BTC': {'initial_cash': 1000.0, 'final_cash': 976.7751380460206, 'total_pnl': -23.22486195397937, 'total_return_pct': -2.322486195397937, 'total_trades': 15, 'daily_trades': 0.16393442622950818, 'winning_trades': 7, 'losing_trades': 8, 'win_rate_pct': 46.666666666666664, 'profit_factor': 0.6944546146928994, 'max_drawdown_pct': 5.9714477320494455, 'sharpe_ratio': -0.8050573323869581, 'total_fees': 11.106774497038176, 'total_slippage_cost': 7.384536551046644}, 'ETH': {'initial_cash': 1000.0, 'final_cash': 1052.9317589714458, 'total_pnl': 52.93175897144579, 'total_return_pct': 5.293175897144579, 'total_trades': 19, 'daily_trades': 0.20765027322404372, 'winning_trades': 11, 'losing_trades': 8, 'win_rate_pct': 57.89473684210527, 'profit_factor': 1.616124540263085, 'max_drawdown_pct': 4.003556265938495, 'sharpe_ratio': 1.734825448834217, 'total_fees': 10.722600206314178, 'total_slippage_cost': 5.834221916125848}, 'BNB': {'initial_cash': 1000.0, 'final_cash': 1022.3064687573724, 'total_pnl': 22.306468757372386, 'total_return_pct': 2.230646875737239, 'total_trades': 19, 'daily_trades': 0.20765027322404372, 'winning_trades': 9, 'losing_trades': 10, 'win_rate_pct': 47.368421052631575, 'profit_factor': 1.233855564156047, 'max_drawdown_pct': 8.172621281434457, 'sharpe_ratio': 0.7085382704892447, 'total_fees': 9.932590989318301, 'total_slippage_cost': 5.6059869553944015}, 'SOL': {'initial_cash': 1000.0, 'final_cash': 1005.1342268695302, 'total_pnl': 5.134226869530153, 'total_return_pct': 0.5134226869530153, 'total_trades': 14, 'daily_trades': 0.15300546448087432, 'winning_trades': 6, 'losing_trades': 8, 'win_rate_pct': 42.857142857142854, 'profit_factor': 1.0765200819779916, 'max_drawdown_pct': 3.4228011196598573, 'sharpe_ratio': 0.23920149412010996, 'total_fees': 3.801884858746937, 'total_slippage_cost': 2.0537263109104495}, 'AVAX': {'initial_cash': 1000.0, 'final_cash': 966.7825331802361, 'total_pnl': -33.2174668197639, 'total_return_pct': -3.3217466819763897, 'total_trades': 16, 'daily_trades': 0.17492312948411343, 'winning_trades': 8, 'losing_trades': 8, 'win_rate_pct': 50.0, 'profit_factor': 0.6159756550084139, 'max_drawdown_pct': 7.204878362397264, 'sharpe_ratio': -1.1374653080578883, 'total_fees': 4.7955576130853705, 'total_slippage_cost': 2.9438667890272416}, 'LINK': {'initial_cash': 1000.0, 'final_cash': 1109.7052295346855, 'total_pnl': 109.70522953468549, 'total_return_pct': 10.97052295346855, 'total_trades': 28, 'daily_trades': 0.3061154765971985, 'winning_trades': 18, 'losing_trades': 10, 'win_rate_pct': 64.28571428571429, 'profit_factor': 2.031255214275847, 'max_drawdown_pct': 2.622703096447592, 'sharpe_ratio': 2.5642287786893148, 'total_fees': 8.787521353656475, 'total_slippage_cost': 4.534343727120198}}"
1h,1.9,65.0,12.934153002421182,7.402474108445286,107,4,"{'BTC': {'initial_cash': 1000.0, 'final_cash': 983.4814037025124, 'total_pnl': -16.518596297487647, 'total_return_pct': -1.6518596297487649, 'total_trades': 15, 'daily_trades': 0.16393442622950818, 'winning_trades': 7, 'losing_trades': 8, 'win_rate_pct': 46.666666666666664, 'profit_factor': 0.7957876068852829, 'max_drawdown_pct': 5.289384349879047, 'sharpe_ratio': -0.5343146991714144, 'total_fees': 10.448294111240065, 'total_slippage_cost': 6.808250874512713}, 'ETH': {'initial_cash': 1000.0, 'final_cash': 1046.1703735574943, 'total_pnl': 46.17037355749426, 'total_return_pct': 4.617037355749426, 'total_trades': 19, 'daily_trades': 0.20765027322404372, 'winning_trades': 11, 'losing_trades': 8, 'win_rate_pct': 57.89473684210527, 'profit_factor': 1.5463097742488237, 'max_drawdown_pct': 3.9624576203402118, 'sharpe_ratio': 1.5472987189421652, 'total_fees': 10.201678896930261, 'total_slippage_cost': 5.667724045501708}, 'BNB': {'initial_cash': 1000.0, 'final_cash': 1022.9061921677506, 'total_pnl': 22.906192167750646, 'total_return_pct': 2.2906192167750645, 'total_trades': 19, 'daily_trades': 0.20765027322404372, 'winning_trades': 9, 'losing_trades': 10, 'win_rate_pct': 47.368421052631575, 'profit_factor': 1.2387252213268494, 'max_drawdown_pct': 8.064700063773058, 'sharpe_ratio': 0.7456610246489672, 'total_fees': 9.412060098884588, 'total_slippage_cost': 5.311353755659222}, 'SOL': {'initial_cash': 1000.0, 'final_cash': 1005.328453787014, 'total_pnl': 5.328453787014041, 'total_return_pct': 0.5328453787014041, 'total_trades': 14, 'daily_trades': 0.15300546448087432, 'winning_trades': 6, 'losing_trades': 8, 'win_rate_pct': 42.857142857142854, 'profit_factor': 1.0781936587583356, 'max_drawdown_pct': 3.398944031624671, 'sharpe_ratio': 0.2516865746730326, 'total_fees': 3.6018175362729354, 'total_slippage_cost': 1.9447324653396303}, 'AVAX': {'initial_cash': 1000.0, 'final_cash': 949.2842371229892, 'total_pnl': -50.715762877010775, 'total_return_pct': -5.0715762877010775, 'total_trades': 16, 'daily_trades': 0.17492312948411343, 'winning_trades': 7, 'losing_trades': 9, 'win_rate_pct': 43.75, 'profit_factor': 0.4626049235329078, 'max_drawdown_pct': 7.135600356918512, 'sharpe_ratio': -1.8178717952583348, 'total_fees': 4.576904836093281, 'total_slippage_cost': 2.877279809611476}, 'LINK': {'initial_cash': 1000.0, 'final_cash': 1154.437434632255, 'total_pnl': 154.43743463225496, 'total_return_pct': 15.443743463225495, 'total_trades': 28, 'daily_trades': 0.3061154765971985, 'winning_trades': 19, 'losing_trades': 9, 'win_rate_pct': 67.85714285714286, 'profit_factor': 2.5836144691226584, 'max_drawdown_pct': 2.219067648506809, 'sharpe_ratio': 3.559932406214987, 'total_fees': 8.176791071668804, 'total_slippage_cost': 3.9007053929901896}}"
1h,2.0,65.0,12.912372368516209,6.61555544079062,105,4,"{'BTC': {'initial_cash': 1000.0, 'final_cash': 1007.7442973818262, 'total_pnl': 7.744297381826186, 'total_return_pct': 0.7744297381826186, 'total_trades': 14, 'daily_trades': 0.15300546448087432, 'winning_trades': 8, 'losing_trades': 6, 'win_rate_pct': 57.14285714285714, 'profit_factor': 1.237539163729992, 'max_drawdown_pct': 3.78987992469157, 'sharpe_ratio': 0.3025184766552585, 'total_fees': 9.297781703308635, 'total_slippage_cost': 6.00806365101635}, 'ETH': {'initial_cash': 1000.0, 'final_cash': 1057.9467758780381, 'total_pnl': 57.946775878038125, 'total_return_pct': 5.794677587803813, 'total_trades': 18, 'daily_trades': 0.19672131147540983, 'winning_trades': 11, 'losing_trades': 7, 'win_rate_pct': 61.111111111111114, 'profit_factor': 1.7688780079066613, 'max_drawdown_pct': 3.925454510562137, 'sharpe_ratio': 1.8948911009350662, 'total_fees': 9.264709717651057, 'total_slippage_cost': 5.079637083493474}, 'BNB': {'initial_cash': 1000.0, 'final_cash': 1008.6707216918629, 'total_pnl': 8.670721691862923, 'total_return_pct': 0.8670721691862923, 'total_trades': 19, 'daily_trades': 0.20765027322404372, 'winning_trades': 9, 'losing_trades': 10, 'win_rate_pct': 47.368421052631575, 'profit_factor': 1.107210801842205, 'max_drawdown_pct': 7.9627237687510695, 'sharpe_ratio': 0.3173462972494165, 'total_fees': 9.055862307444563, 'total_slippage_cost': 5.245160973460473}, 'SOL': {'initial_cash': 1000.0, 'final_cash': 1005.503283452633, 'total_pnl': 5.503283452633013, 'total_return_pct': 0.5503283452633014, 'total_trades': 14, 'daily_trades': 0.15300546448087432, 'winning_trades': 6, 'losing_trades': 8, 'win_rate_pct': 42.857142857142854, 'profit_factor': 1.0797059696465887, 'max_drawdown_pct': 3.377470673984203, 'sharpe_ratio': 0.2623377258313945, 'total_fees': 3.4217263216045755, 'total_slippage_cost': 1.8466217278637667}, 'AVAX': {'initial_cash': 1000.0, 'final_cash': 927.2866130929262, 'total_pnl': -72.71338690707375, 'total_return_pct': -7.271338690707376, 'total_trades': 16, 'daily_trades': 0.17492312948411343, 'winning_trades': 5, 'losing_trades': 11, 'win_rate_pct': 31.25, 'profit_factor': 0.3515488855294119, 'max_drawdown_pct': 8.904194048167799, 'sharpe_ratio': -2.701866337274015, 'total_fees': 4.262922300776557, 'total_slippage_cost': 2.6769070928162684}, 'LINK': {'initial_cash': 1000.0, 'final_cash': 1154.5396743430204, 'total_pnl': 154.53967434302035, 'total_return_pct': 15.453967434302035, 'total_trades': 28, 'daily_trades': 0.3061154765971985, 'winning_trades': 19, 'losing_trades': 9, 'win_rate_pct': 67.85714285714286, 'profit_factor': 2.5866107051441034, 'max_drawdown_pct': 2.158378757535258, 'sharpe_ratio': 3.6542995524959685, 'total_fees': 7.767138311686937, 'total_slippage_cost': 3.704156341305119}}"
1h,2.1,65.0,11.84009027211632,7.258619454691839,103,5,"{'BTC': {'initial_cash': 1000.0, 'final_cash': 1001.0077894866505, 'total_pnl': 1.0077894866504948, 'total_return_pct': 0.1007789486650495, 'total_trades': 14, 'daily_trades': 0.15300546448087432, 'winning_trades': 8, 'losing_trades': 6, 'win_rate_pct': 57.14285714285714, 'profit_factor': 1.0839694590649025, 'max_drawdown_pct': 4.059305963094262, 'sharpe_ratio': 0.0745027776752791, 'total_fees': 8.927280647683839, 'total_slippage_cost': 5.896273221060705}, 'ETH': {'initial_cash': 1000.0, 'final_cash': 1077.8190235726438, 'total_pnl': 77.8190235726438, 'total_return_pct': 7.7819023572643795, 'total_trades': 17, 'daily_trades': 0.18579234972677597, 'winning_trades': 11, 'losing_trades': 6, 'win_rate_pct': 64.70588235294117, 'profit_factor': 2.186172198551238, 'max_drawdown_pct': 3.0596484855425725, 'sharpe_ratio': 2.4330536671986494, 'total_fees': 8.237024597035964, 'total_slippage_cost': 4.348278310666716}, 'BNB': {'initial_cash': 1000.0, 'final_cash': 1009.1678774913551, 'total_pnl': 9.167877491355057, 'total_return_pct': 0.9167877491355056, 'total_trades': 19, 'daily_trades': 0.20765027322404372, 'winning_trades': 9, 'losing_trades': 10, 'win_rate_pct': 47.368421052631575, 'profit_factor': 1.1108703747151796, 'max_drawdown_pct': 7.874822266356482, 'sharpe_ratio': 0.3430033503176036, 'total_fees': 8.62610123928538, 'total_slippage_cost': 4.9956170364832815}, 'SOL': {'initial_cash': 1000.0, 'final_cash': 991.6129291689258, 'total_pnl': -8.387070831074197, 'total_return_pct': -0.8387070831074197, 'total_trades': 14, 'daily_trades': 0.15300546448087432, 'winning_trades': 6, 'losing_trades': 8, 'win_rate_pct': 42.857142857142854, 'profit_factor': 0.9116583504078006, 'max_drawdown_pct': 3.3580407829182835, 'sharpe_ratio': -0.3213085066312782, 'total_fees': 3.2739847335780996, 'total_slippage_cost': 1.8286596989016641}, 'AVAX': {'initial_cash': 1000.0, 'final_cash': 927.3819802562781, 'total_pnl': -72.6180197437219, 'total_return_pct': -7.261801974372189, 'total_trades': 16, 'daily_trades': 0.17492312948411343, 'winning_trades': 5, 'losing_trades': 11, 'win_rate_pct': 31.25, 'profit_factor': 0.35066491552850204, 'max_drawdown_pct': 8.87072188352347, 'sharpe_ratio': -2.797732563430424, 'total_fees': 4.059764947156665, 'total_slippage_cost': 2.5488644362284543}, 'LINK': {'initial_cash': 1000.0, 'final_cash': 1146.4714042446597, 'total_pnl': 146.47140424465965, 'total_return_pct': 14.647140424465965, 'total_trades': 28, 'daily_trades': 0.3061154765971985, 'winning_trades': 19, 'losing_trades': 9, 'win_rate_pct': 67.85714285714286, 'profit_factor': 2.5128897142854485, 'max_drawdown_pct': 2.113312895515097, 'sharpe_ratio': 3.528383548587222, 'total_fees': 7.437797297094842, 'total_slippage_cost': 3.6379091380443045}}"
1h,2.15,65.0,13.554765369961228,6.47076668521452,103,5,"{'BTC': {'initial_cash': 1000.0, 'final_cash': 1001.0881985535098, 'total_pnl': 1.0881985535097556, 'total_return_pct': 0.10881985535097558, 'total_trades': 14, 'daily_trades': 0.15300546448087432, 'winning_trades': 8, 'losing_trades': 6, 'win_rate_pct': 57.14285714285714, 'profit_factor': 1.0845723246586538, 'max_drawdown_pct': 4.034147092493173, 'sharpe_ratio': 0.07738519844337109, 'total_fees': 8.719921135431909, 'total_slippage_cost': 5.75916452452918}, 'ETH': {'initial_cash': 1000.0, 'final_cash': 1085.6101537317177, 'total_pnl': 85.61015373171767, 'total_return_pct': 8.561015373171767, 'total_trades': 17, 'daily_trades': 0.18579234972677597, 'winning_trades': 11, 'losing_trades': 6, 'win_rate_pct': 64.70588235294117, 'profit_factor': 2.2960901027898264, 'max_drawdown_pct': 3.2837275052088577, 'sharpe_ratio': 2.6525401010062897, 'total_fees': 7.910844007087987, 'total_slippage_cost': 3.9857939896475387}, 'BNB': {'initial_cash': 1000.0, 'final_cash': 1009.2875872473676, 'total_pnl': 9.287587247367583, 'total_return_pct': 0.9287587247367582, 'total_trades': 19, 'daily_trades': 0.20765027322404372, 'winning_trades': 9, 'losing_trades': 10, 'win_rate_pct': 47.368421052631575, 'profit_factor': 1.1115482419140614, 'max_drawdown_pct': 7.833900644397924, 'sharpe_ratio': 0.34767861054734156, 'total_fees': 8.4260478078144, 'total_slippage_cost': 4.879441313924177}, 'SOL': {'initial_cash': 1000.0, 'final_cash': 1010.0160277044628, 'total_pnl': 10.016027704462772, 'total_return_pct': 1.001602770446277, 'total_trades': 14, 'daily_trades': 0.15300546448087432, 'winning_trades': 7, 'losing_trades': 7, 'win_rate_pct': 50.0, 'profit_factor': 1.1532646144287126, 'max_drawdown_pct': 3.349003101472465, 'sharpe_ratio': 0.43627496616511185, 'total_fees': 3.1614665853593507, 'total_slippage_cost': 1.7191441239863563}, 'AVAX': {'initial_cash': 1000.0, 'final_cash': 927.5496775678046, 'total_pnl': -72.45032243219543, 'total_return_pct': -7.245032243219543, 'total_trades': 16, 'daily_trades': 0.17492312948411343, 'winning_trades': 5, 'losing_trades': 11, 'win_rate_pct': 31.25, 'profit_factor': 0.3547343386260783, 'max_drawdown_pct': 8.455743771155994, 'sharpe_ratio': -2.5103793441536184, 'total_fees': 3.9982538365919997, 'total_slippage_cost': 2.5057458119118965}, 'LINK': {'initial_cash': 1000.0, 'final_cash': 1124.5332200681623, 'total_pnl': 124.53322006816234, 'total_return_pct': 12.453322006816233, 'total_trades': 28, 'daily_trades': 0.3061154765971985, 'winning_trades': 18, 'losing_trades': 10, 'win_rate_pct': 64.28571428571429, 'profit_factor': 2.173475319901694, 'max_drawdown_pct': 3.9013236247468615, 'sharpe_ratio': 3.03655635283858, 'total_fees': 7.264187323628988, 'total_slippage_cost': 3.6498948714845647}}"
1h,2.2,65.0,16.461526221627924,6.999690203441469,103,5,"{'BTC': {'initial_cash': 1000.0, 'final_cash': 1024.1650508311977, 'total_pnl': 24.165050831197732, 'total_return_pct': 2.416505083119773, 'total_trades': 14, 'daily_trades': 0.15300546448087432, 'winning_trades': 9, 'losing_trades': 5, 'win_rate_pct': 64.28571428571429, 'profit_factor': 1.618437481072404, 'max_drawdown_pct': 4.010123241411308, 'sharpe_ratio': 0.8978897915283935, 'total_fees': 7.939105079926061, 'total_slippage_cost': 4.6285988214662135}, 'ETH': {'initial_cash': 1000.0, 'final_cash': 1085.7613241100623, 'total_pnl': 85.76132411006233, 'total_return_pct': 8.576132411006233, 'total_trades': 17, 'daily_trades': 0.18579234972677597, 'winning_trades': 11, 'losing_trades': 6, 'win_rate_pct': 64.70588235294117, 'profit_factor': 2.299567531220726, 'max_drawdown_pct': 3.2602567460751937, 'sharpe_ratio': 2.694542765838443, 'total_fees': 7.732349300768938, 'total_slippage_cost': 3.89565421438657}, 'BNB': {'initial_cash': 1000.0, 'final_cash': 1013.4122449874018, 'total_pnl': 13.412244987401778, 'total_return_pct': 1.3412244987401778, 'total_trades': 19, 'daily_trades': 0.20765027322404372, 'winning_trades': 10, 'losing_trades': 9, 'win_rate_pct': 52.63157894736842, 'profit_factor': 1.164121745219037, 'max_drawdown_pct': 6.403118024247961, 'sharpe_ratio': 0.4727065800882088, 'total_fees': 8.393728026817941, 'total_slippage_cost': 4.937701553884618}, 'SOL': {'initial_cash': 1000.0, 'final_cash': 1002.9557609010961, 'total_pnl': 2.9557609010961414, 'total_return_pct': 0.2955760901096141, 'total_trades': 14, 'daily_trades': 0.15300546448087432, 'winning_trades': 7, 'losing_trades': 7, 'win_rate_pct': 50.0, 'profit_factor': 1.055398660800584, 'max_drawdown_pct': 3.3403759140665903, 'sharpe_ratio': 0.1537195808182964, 'total_fees': 3.127722336810544, 'total_slippage_cost': 1.7552877115831835}, 'AVAX': {'initial_cash': 1000.0, 'final_cash': 927.589648504964, 'total_pnl': -72.41035149503602, 'total_return_pct': -7.2410351495036025, 'total_trades': 16, 'daily_trades': 0.17492312948411343, 'winning_trades': 5, 'losing_trades': 11, 'win_rate_pct': 31.25, 'profit_factor': 0.3542920141059275, 'max_drawdown_pct': 8.429069868770696, 'sharpe_ratio': -2.564168158934743, 'total_fees': 3.9069546256212244, 'total_slippage_cost': 2.448219109683909}, 'LINK': {'initial_cash': 1000.0, 'final_cash': 1153.1433692156368, 'total_pnl': 153.14336921563677, 'total_return_pct': 15.314336921563676, 'total_trades': 28, 'daily_trades': 0.3061154765971985, 'winning_trades': 19, 'losing_trades': 9, 'win_rate_pct': 67.85714285714286, 'profit_factor': 2.5542687656742014, 'max_drawdown_pct': 3.880202557192884, 'sharpe_ratio': 3.596986888157863, 'total_fees': 7.235190275771812, 'total_slippage_cost': 3.598647264787394}}"
1h,2.3,65.0,12.196921480794936,8.442346046325742,102,5,"{'BTC': {'initial_cash': 1000.0, 'final_cash': 1000.6230405792184, 'total_pnl': 0.6230405792183547, 'total_return_pct': 0.062304057921835465, 'total_trades': 14, 'daily_trades': 0.15300546448087432, 'winning_trades': 8, 'losing_trades': 6, 'win_rate_pct': 57.14285714285714, 'profit_factor': 1.0470392925692609, 'max_drawdown_pct': 6.018303880402635, 'sharpe_ratio': 0.06086640331681651, 'total_fees': 7.499000217893414, 'total_slippage_cost': 4.381964896074932}, 'ETH': {'initial_cash': 1000.0, 'final_cash': 1040.7842065252457, 'total_pnl': 40.784206525245736, 'total_return_pct': 4.078420652524574, 'total_trades': 17, 'daily_trades': 0.18579234972677597, 'winning_trades': 11, 'losing_trades': 6, 'win_rate_pct': 64.70588235294117, 'profit_factor': 1.653542827401157, 'max_drawdown_pct': 3.904951013308712, 'sharpe_ratio': 1.3012056408652497, 'total_fees': 7.658907330915152, 'total_slippage_cost': 4.349639787131771}, 'BNB': {'initial_cash': 1000.0, 'final_cash': 1040.125294305445, 'total_pnl': 40.125294305445095, 'total_return_pct': 4.01252943054451, 'total_trades': 18, 'daily_trades': 0.19672131147540983, 'winning_trades': 10, 'losing_trades': 8, 'win_rate_pct': 55.55555555555556, 'profit_factor': 1.4828131034686949, 'max_drawdown_pct': 5.221348839008715, 'sharpe_ratio': 1.2252180966125708, 'total_fees': 7.295498667237479, 'total_slippage_cost': 4.194632171548906}, 'SOL': {'initial_cash': 1000.0, 'final_cash': 1003.1078200835533, 'total_pnl': 3.1078200835532925, 'total_return_pct': 0.31078200835532926, 'total_trades': 14, 'daily_trades': 0.15300546448087432, 'winning_trades': 7, 'losing_trades': 7, 'win_rate_pct': 50.0, 'profit_factor': 1.0569693728109495, 'max_drawdown_pct': 3.3242460132216936, 'sharpe_ratio': 0.16136759344688298, 'total_fees': 2.991982204915757, 'total_slippage_cost': 1.678487423809145}, 'AVAX': {'initial_cash': 1000.0, 'final_cash': 931.8510151898046, 'total_pnl': -68.14898481019543, 'total_return_pct': -6.814898481019544, 'total_trades': 16, 'daily_trades': 0.17492312948411343, 'winning_trades': 6, 'losing_trades': 10, 'win_rate_pct': 37.5, 'profit_factor': 0.3303372996688806, 'max_drawdown_pct': 7.965674273399167, 'sharpe_ratio': -2.431958249538388, 'total_fees': 3.802669745632703, 'total_slippage_cost': 2.452446344557536}, 'LINK': {'initial_cash': 1000.0, 'final_cash': 1153.1174605993508, 'total_pnl': 153.1174605993508, 'total_return_pct': 15.31174605993508, 'total_trades': 28, 'daily_trades': 0.3061154765971985, 'winning_trades': 19, 'losing_trades': 9, 'win_rate_pct': 67.85714285714286, 'profit_factor': 2.5555983091324435, 'max_drawdown_pct': 3.8407016901463793, 'sharpe_ratio': 3.7010315773943416, 'total_fees': 6.919977152055564, 'total_slippage_cost': 3.4409358337386404}}"
1h,2.4,65.0,10.200353976683072,9.117342529338549,101,5,"{'BTC': {'initial_cash': 1000.0, 'final_cash': 1000.889869099598, 'total_pnl': 0.889869099597945, 'total_return_pct': 0.08898690995979451, 'total_trades': 14, 'daily_trades': 0.15300546448087432, 'winning_trades': 8, 'losing_trades': 6, 'win_rate_pct': 57.14285714285714, 'profit_factor': 1.049785385925038, 'max_drawdown_pct': 5.972048585104837, 'sharpe_ratio': 0.07019015643222411, 'total_fees': 7.1877258265523105, 'total_slippage_cost': 4.199656660329922}, 'ETH': {'initial_cash': 1000.0, 'final_cash': 1026.004416733263, 'total_pnl': 26.004416733263042, 'total_return_pct': 2.6004416733263045, 'total_trades': 17, 'daily_trades': 0.18579234972677597, 'winning_trades': 11, 'losing_trades': 6, 'win_rate_pct': 64.70588235294117, 'profit_factor': 1.4310652091446103, 'max_drawdown_pct': 3.818244881040065, 'sharpe_ratio': 0.8623248636351509, 'total_fees': 7.410520443834925, 'total_slippage_cost': 4.29603875172337}, 'BNB': {'initial_cash': 1000.0, 'final_cash': 1040.4129263809132, 'total_pnl': 40.41292638091318, 'total_return_pct': 4.041292638091318, 'total_trades': 18, 'daily_trades': 0.19672131147540983, 'winning_trades': 10, 'losing_trades': 8, 'win_rate_pct': 55.55555555555556, 'profit_factor': 1.486372195397774, 'max_drawdown_pct': 5.168261818495355, 'sharpe_ratio': 1.2653008571962192, 'total_fees': 6.992592139624092, 'total_slippage_cost': 4.02009030675212}, 'SOL': {'initial_cash': 1000.0, 'final_cash': 996.0048134487616, 'total_pnl': -3.995186551238362, 'total_return_pct': -0.39951865512383616, 'total_trades': 14, 'daily_trades': 0.15300546448087432, 'winning_trades': 7, 'losing_trades': 7, 'win_rate_pct': 50.0, 'profit_factor': 0.9573644249069062, 'max_drawdown_pct': 3.3094593420238536, 'sharpe_ratio': -0.13223676192569828, 'total_fees': 2.9004330057430785, 'total_slippage_cost': 1.6773761582727458}, 'AVAX': {'initial_cash': 1000.0, 'final_cash': 959.0999461832105, 'total_pnl': -40.90005381678952, 'total_return_pct': -4.090005381678952, 'total_trades': 15, 'daily_trades': 0.16399043389135634, 'winning_trades': 7, 'losing_trades': 8, 'win_rate_pct': 46.666666666666664, 'profit_factor': 0.5138156506938216, 'max_drawdown_pct': 5.8894661729227415, 'sharpe_ratio': -1.3947784893302955, 'total_fees': 3.6053681692262107, 'total_slippage_cost': 2.2644787235791344}, 'LINK': {'initial_cash': 1000.0, 'final_cash': 1128.8899795904729, 'total_pnl': 128.88997959047288, 'total_return_pct': 12.888997959047288, 'total_trades': 28, 'daily_trades': 0.3061154765971985, 'winning_trades': 19, 'losing_trades': 9, 'win_rate_pct': 67.85714285714286, 'profit_factor': 2.3268367484958876, 'max_drawdown_pct': 3.8044769252841575, 'sharpe_ratio': 3.0902964994405457, 'total_fees': 6.701436046217647, 'total_slippage_cost': 3.4854815406503064}}"
1h,2.5,65.0,10.488449273684523,8.1591077952078,99,6,"{'BTC': {'initial_cash': 1000.0, 'final_cash': 1001.1311535823098, 'total_pnl': 1.131153582309821, 'total_return_pct': 0.1131153582309821, 'total_trades': 14, 'daily_trades': 0.15300546448087432, 'winning_trades': 8, 'losing_trades': 6, 'win_rate_pct': 57.14285714285714, 'profit_factor': 1.0522648399319963, 'max_drawdown_pct': 5.929467833544658, 'sharpe_ratio': 0.07908143437990922, 'total_fees': 6.901293320127712, 'total_slippage_cost': 4.031906992073313}, 'ETH': {'initial_cash': 1000.0, 'final_cash': 1038.1185116713668, 'total_pnl': 38.11851167136683, 'total_return_pct': 3.811851167136683, 'total_trades': 17, 'daily_trades': 0.18579234972677597, 'winning_trades': 12, 'losing_trades': 5, 'win_rate_pct': 70.58823529411765, 'profit_factor': 1.7335698498845897, 'max_drawdown_pct': 2.646745767944584, 'sharpe_ratio': 1.254834737131324, 'total_fees': 7.131065121896906, 'total_slippage_cost': 4.13034750084467}, 'BNB': {'initial_cash': 1000.0, 'final_cash': 1040.6776029234068, 'total_pnl': 40.677602923406766, 'total_return_pct': 4.067760292340677, 'total_trades': 18, 'daily_trades': 0.19672131147540983, 'winning_trades': 10, 'losing_trades': 8, 'win_rate_pct': 55.55555555555556, 'profit_factor': 1.4896656308604108, 'max_drawdown_pct': 5.119393750994271, 'sharpe_ratio': 1.3079701918274895, 'total_fees': 6.713827551837003, 'total_slippage_cost': 3.8594612003458897}, 'SOL': {'initial_cash': 1000.0, 'final_cash': 996.0733631571961, 'total_pnl': -3.926636842803873, 'total_return_pct': -0.39266368428038734, 'total_trades': 14, 'daily_trades': 0.15300546448087432, 'winning_trades': 7, 'losing_trades': 7, 'win_rate_pct': 50.0, 'profit_factor': 0.957742497233075, 'max_drawdown_pct': 3.4485317512568967, 'sharpe_ratio': -0.1241698289014349, 'total_fees': 2.784397884337509, 'total_slippage_cost': 1.6097182041522187}, 'AVAX': {'initial_cash': 1000.0, 'final_cash': 952.453543726362, 'total_pnl': -47.546456273638, 'total_return_pct': -4.7546456273638, 'total_trades': 15, 'daily_trades': 0.16399043389135634, 'winning_trades': 7, 'losing_trades': 8, 'win_rate_pct': 46.666666666666664, 'profit_factor': 0.4276815541948993, 'max_drawdown_pct': 6.503070787449694, 'sharpe_ratio': -1.652091962578338, 'total_fees': 3.492040513113111, 'total_slippage_cost': 2.2437007057042053}, 'LINK': {'initial_cash': 1000.0, 'final_cash': 1114.6287572532228, 'total_pnl': 114.62875725322283, 'total_return_pct': 11.462875725322283, 'total_trades': 27, 'daily_trades': 0.2951827810044414, 'winning_trades': 17, 'losing_trades': 10, 'win_rate_pct': 62.96296296296296, 'profit_factor': 2.069339574152443, 'max_drawdown_pct': 3.7711369244940474, 'sharpe_ratio': 2.9068960878879935, 'total_fees': 6.323837244385332, 'total_slippage_cost': 3.2738099021542926}}"
1h,1.8,70.0,12.256751721438196,10.973049747287279,63,3,"{'BTC': {'initial_cash': 1000.0, 'final_cash': 981.1832094863895, 'total_pnl': -18.8167905136105, 'total_return_pct': -1.8816790513610497, 'total_trades': 8, 'daily_trades': 0.08743169398907104, 'winning_trades': 4, 'losing_trades': 4, 'win_rate_pct': 50.0, 'profit_factor': 0.4988109275534665, 'max_drawdown_pct': 2.6803936177021055, 'sharpe_ratio': -0.8309668143119452, 'total_fees': 6.917584976607002, 'total_slippage_cost': 4.666406872769535}, 'ETH': {'initial_cash': 1000.0, 'final_cash': 1071.5121983415415, 'total_pnl': 71.51219834154153, 'total_return_pct': 7.151219834154153, 'total_trades': 10, 'daily_trades': 0.1092896174863388, 'winning_trades': 7, 'losing_trades': 3, 'win_rate_pct': 70.0, 'profit_factor': 3.1090012219411456, 'max_drawdown_pct': 1.4334071657616667, 'sharpe_ratio': 2.9650237149025065, 'total_fees': 5.59695523485051, 'total_slippage_cost': 2.6741782598937296}, 'BNB': {'initial_cash': 1000.0, 'final_cash': 1105.1218024853129, 'total_pnl': 105.12180248531286, 'total_return_pct': 10.512180248531285, 'total_trades': 12, 'daily_trades': 0.13114754098360656, 'winning_trades': 9, 'losing_trades': 3, 'win_rate_pct': 75.0, 'profit_factor': 4.145221765362649, 'max_drawdown_pct': 3.9944172801719517, 'sharpe_ratio': 3.496968090666193, 'total_fees': 5.824789761104579, 'total_slippage_cost': 2.6035979611248363}, 'SOL': {'initial_cash': 1000.0, 'final_cash': 984.6244502804683, 'total_pnl': -15.375549719531705, 'total_return_pct': -1.5375549719531705, 'total_trades': 8, 'daily_trades': 0.08743169398907104, 'winning_trades': 3, 'losing_trades': 5, 'win_rate_pct': 37.5, 'profit_factor': 0.7219284282887801, 'max_drawdown_pct': 3.187359273640135, 'sharpe_ratio': -0.7987069874895731, 'total_fees': 2.4331198654373085, 'total_slippage_cost': 1.4516385437251105}, 'AVAX': {'initial_cash': 1000.0, 'final_cash': 988.723431424097, 'total_pnl': -11.276568575902957, 'total_return_pct': -1.1276568575902957, 'total_trades': 11, 'daily_trades': 0.12025965152032798, 'winning_trades': 6, 'losing_trades': 5, 'win_rate_pct': 54.54545454545454, 'profit_factor': 0.8059742166208977, 'max_drawdown_pct': 6.213709377203635, 'sharpe_ratio': -0.4445508551057465, 'total_fees': 3.3387750872585302, 'total_slippage_cost': 1.95753956660062}, 'LINK': {'initial_cash': 1000.0, 'final_cash': 1022.7992930483563, 'total_pnl': 22.799293048356276, 'total_return_pct': 2.2799293048356275, 'total_trades': 17, 'daily_trades': 0.1858558250768705, 'winning_trades': 9, 'losing_trades': 8, 'win_rate_pct': 52.94117647058824, 'profit_factor': 1.2931910241687794, 'max_drawdown_pct': 3.6979353883642894, 'sharpe_ratio': 0.7561572429083349, 'total_fees': 5.082343899097106, 'total_slippage_cost': 2.8479284907166567}}"
1h,1.9,70.0,16.337136788978253,8.026173656782635,63,3,"{'BTC': {'initial_cash': 1000.0, 'final_cash': 987.6825335980576, 'total_pnl': -12.317466401942397, 'total_return_pct': -1.2317466401942396, 'total_trades': 8, 'daily_trades': 0.08743169398907104, 'winning_trades': 4, 'losing_trades': 4, 'win_rate_pct': 50.0, 'profit_factor': 0.6920219515972499, 'max_drawdown_pct': 2.264736547456448, 'sharpe_ratio': -0.48613620481656156, 'total_fees': 6.451448181655304, 'total_slippage_cost': 4.215217068006461}, 'ETH': {'initial_cash': 1000.0, 'final_cash': 1071.7760328052973, 'total_pnl': 71.77603280529729, 'total_return_pct': 7.177603280529729, 'total_trades': 10, 'daily_trades': 0.1092896174863388, 'winning_trades': 7, 'losing_trades': 3, 'win_rate_pct': 70.0, 'profit_factor': 3.124845862696305, 'max_drawdown_pct': 1.41068921408743, 'sharpe_ratio': 3.0162817241411157, 'total_fees': 5.305004808087582, 'total_slippage_cost': 2.5345646593465054}, 'BNB': {'initial_cash': 1000.0, 'final_cash': 1105.328065453029, 'total_pnl': 105.32806545302901, 'total_return_pct': 10.532806545302902, 'total_trades': 12, 'daily_trades': 0.13114754098360656, 'winning_trades': 9, 'losing_trades': 3, 'win_rate_pct': 75.0, 'profit_factor': 4.161281380851788, 'max_drawdown_pct': 3.903422657472163, 'sharpe_ratio': 3.611105145611821, 'total_fees': 5.519480339496909, 'total_slippage_cost': 2.4670331913386403}, 'SOL': {'initial_cash': 1000.0, 'final_cash': 984.7509885819194, 'total_pnl': -15.249011418080613, 'total_return_pct': -1.5249011418080614, 'total_trades': 8, 'daily_trades': 0.08743169398907104, 'winning_trades': 3, 'losing_trades': 5, 'win_rate_pct': 37.5, 'profit_factor': 0.7229154973950703, 'max_drawdown_pct': 3.137968811261361, 'sharpe_ratio': -0.8149820005967631, 'total_fees': 2.305314734716414, 'total_slippage_cost': 1.375046308655391}, 'AVAX': {'initial_cash': 1000.0, 'final_cash': 977.3670929620805, 'total_pnl': -22.632907037919495, 'total_return_pct': -2.2632907037919496, 'total_trades': 11, 'daily_trades': 0.12025965152032798, 'winning_trades': 5, 'losing_trades': 6, 'win_rate_pct': 45.45454545454545, 'profit_factor': 0.6540878951633411, 'max_drawdown_pct': 6.146479041448631, 'sharpe_ratio': -0.9509110188015479, 'total_fees': 3.15428313476327, 'total_slippage_cost': 1.8461422888689483}, 'LINK': {'initial_cash': 1000.0, 'final_cash': 1064.307057014801, 'total_pnl': 64.3070570148011, 'total_return_pct': 6.430705701480111, 'total_trades': 17, 'daily_trades': 0.1858558250768705, 'winning_trades': 10, 'losing_trades': 7, 'win_rate_pct': 58.82352941176471, 'profit_factor': 1.8908733347955442, 'max_drawdown_pct': 2.9873192376727373, 'sharpe_ratio': 2.006155723820272, 'total_fees': 4.653648124113181, 'total_slippage_cost': 2.3169439051438014}}"
1h,2.0,70.0,14.705867672280872,7.907822742548122,63,3,"{'BTC': {'initial_cash': 1000.0, 'final_cash': 1000.2804719413376, 'total_pnl': 0.2804719413376233, 'total_return_pct': 0.028047194133762332, 'total_trades': 8, 'daily_trades': 0.08743169398907104, 'winning_trades': 5, 'losing_trades': 3, 'win_rate_pct': 62.5, 'profit_factor': 1.0925270328965788, 'max_drawdown_pct': 2.165178378232673, 'sharpe_ratio': 0.04582686492810006, 'total_fees': 6.208559759430644, 'total_slippage_cost': 4.058381042859339}, 'ETH': {'initial_cash': 1000.0, 'final_cash': 1072.0135174801076, 'total_pnl': 72.01351748010757, 'total_return_pct': 7.201351748010756, 'total_trades': 10, 'daily_trades': 0.1092896174863388, 'winning_trades': 7, 'losing_trades': 3, 'win_rate_pct': 70.0, 'profit_factor': 3.1392531772429546, 'max_drawdown_pct': 1.3902392348542112, 'sharpe_ratio': 3.096726193754318, 'total_fees': 5.042186181700835, 'total_slippage_cost': 2.4088831053532904}, 'BNB': {'initial_cash': 1000.0, 'final_cash': 1089.5534270328806, 'total_pnl': 89.55342703288056, 'total_return_pct': 8.955342703288057, 'total_trades': 12, 'daily_trades': 0.13114754098360656, 'winning_trades': 9, 'losing_trades': 3, 'win_rate_pct': 75.0, 'profit_factor': 3.7039346562883764, 'max_drawdown_pct': 3.8165003711725514, 'sharpe_ratio': 3.1746462972093634, 'total_fees': 5.367737561557034, 'total_slippage_cost': 2.558945860497075}, 'SOL': {'initial_cash': 1000.0, 'final_cash': 984.8648821968779, 'total_pnl': -15.135117803122057, 'total_return_pct': -1.5135117803122056, 'total_trades': 8, 'daily_trades': 0.08743169398907104, 'winning_trades': 3, 'losing_trades': 5, 'win_rate_pct': 37.5, 'profit_factor': 0.723807843314048, 'max_drawdown_pct': 3.0934806402948416, 'sharpe_ratio': -0.8238104641640943, 'total_fees': 2.190277801139918, 'total_slippage_cost': 1.3061058855566117}, 'AVAX': {'initial_cash': 1000.0, 'final_cash': 966.0008099978329, 'total_pnl': -33.9991900021671, 'total_return_pct': -3.39991900021671, 'total_trades': 11, 'daily_trades': 0.12025965152032798, 'winning_trades': 4, 'losing_trades': 7, 'win_rate_pct': 36.36363636363637, 'profit_factor': 0.5398231033548097, 'max_drawdown_pct': 6.237077414313048, 'sharpe_ratio': -1.494749352234381, 'total_fees': 2.9593719421352116, 'total_slippage_cost': 1.72868823095582}, 'LINK': {'initial_cash': 1000.0, 'final_cash': 1064.372369293654, 'total_pnl': 64.37236929365395, 'total_return_pct': 6.437236929365395, 'total_trades': 17, 'daily_trades': 0.1858558250768705, 'winning_trades': 10, 'losing_trades': 7, 'win_rate_pct': 58.82352941176471, 'profit_factor': 1.892548592783755, 'max_drawdown_pct': 2.9376525574367975, 'sharpe_ratio': 2.075918385110746, 'total_fees': 4.421573148209134, 'total_slippage_cost': 2.2004044121709443}}"
1h,2.1,70.0,12.469049401919438,8.363274046923078,63,3,"{'BTC': {'initial_cash': 1000.0, 'final_cash': 993.4069323706574, 'total_pnl': -6.593067629342613, 'total_return_pct': -0.6593067629342613, 'total_trades': 8, 'daily_trades': 0.08743169398907104, 'winning_trades': 5, 'losing_trades': 3, 'win_rate_pct': 62.5, 'profit_factor': 0.7918669333180641, 'max_drawdown_pct': 2.110103353961652, 'sharpe_ratio': -0.2443315622899961, 'total_fees': 6.004471446143038, 'total_slippage_cost': 4.051796737542016}, 'ETH': {'initial_cash': 1000.0, 'final_cash': 1079.88860639065, 'total_pnl': 79.88860639065001, 'total_return_pct': 7.988860639065002, 'total_trades': 10, 'daily_trades': 0.1092896174863388, 'winning_trades': 7, 'losing_trades': 3, 'win_rate_pct': 70.0, 'profit_factor': 3.3754374945982453, 'max_drawdown_pct': 1.464509518105198, 'sharpe_ratio': 3.1549011120252595, 'total_fees': 4.7401686750211285, 'total_slippage_cost': 2.1855978574599986}, 'BNB': {'initial_cash': 1000.0, 'final_cash': 1089.7356330810267, 'total_pnl': 89.73563308102666, 'total_return_pct': 8.973563308102667, 'total_trades': 12, 'daily_trades': 0.13114754098360656, 'winning_trades': 9, 'losing_trades': 3, 'win_rate_pct': 75.0, 'profit_factor': 3.7160069772800286, 'max_drawdown_pct': 3.742448007935801, 'sharpe_ratio': 3.276395010347653, 'total_fees': 5.113067057166119, 'total_slippage_cost': 2.4375202534096045}, 'SOL': {'initial_cash': 1000.0, 'final_cash': 971.2084598024697, 'total_pnl': -28.791540197530253, 'total_return_pct': -2.879154019753025, 'total_trades': 8, 'daily_trades': 0.08743169398907104, 'winning_trades': 3, 'losing_trades': 5, 'win_rate_pct': 37.5, 'profit_factor': 0.45456684429786526, 'max_drawdown_pct': 3.8724695008650474, 'sharpe_ratio': -1.5798741456389145, 'total_fees': 2.1136082114389767, 'total_slippage_cost': 1.319868045976607}, 'AVAX': {'initial_cash': 1000.0, 'final_cash': 966.068797580211, 'total_pnl': -33.931202419788974, 'total_return_pct': -3.3931202419788975, 'total_trades': 11, 'daily_trades': 0.12025965152032798, 'winning_trades': 4, 'losing_trades': 7, 'win_rate_pct': 36.36363636363637, 'profit_factor': 0.53929414304054, 'max_drawdown_pct': 6.185328512071975, 'sharpe_ratio': -1.5523820551476557, 'total_fees': 2.8176910984353905, 'total_slippage_cost': 1.6452248759192272}, 'LINK': {'initial_cash': 1000.0, 'final_cash': 1057.172938054619, 'total_pnl': 57.17293805461895, 'total_return_pct': 5.717293805461895, 'total_trades': 17, 'daily_trades': 0.1858558250768705, 'winning_trades': 10, 'losing_trades': 7, 'win_rate_pct': 58.82352941176471, 'profit_factor': 1.797914610517665, 'max_drawdown_pct': 2.892689133817943, 'sharpe_ratio': 1.8623765425879515, 'total_fees': 4.268703694933856, 'total_slippage_cost': 2.2114447830017747}}"
1h,2.15,70.0,11.23936881759132,8.352825424217162,63,3,"{'BTC': {'initial_cash': 1000.0, 'final_cash': 993.4406444076047, 'total_pnl': -6.559355592395264, 'total_return_pct': -0.6559355592395263, 'total_trades': 8, 'daily_trades': 0.08743169398907104, 'winning_trades': 5, 'losing_trades': 3, 'win_rate_pct': 62.5, 'profit_factor': 0.7908839983269607, 'max_drawdown_pct': 2.084471605308047, 'sharpe_ratio': -0.24843834844212856, 'total_fees': 5.864734568532395, 'total_slippage_cost': 3.957453031912608}, 'ETH': {'initial_cash': 1000.0, 'final_cash': 1079.9981116745435, 'total_pnl': 79.99811167454345, 'total_return_pct': 7.999811167454345, 'total_trades': 10, 'daily_trades': 0.1092896174863388, 'winning_trades': 7, 'losing_trades': 3, 'win_rate_pct': 70.0, 'profit_factor': 3.382330730539214, 'max_drawdown_pct': 1.4537355309571853, 'sharpe_ratio': 3.196521936137582, 'total_fees': 4.6310520027237665, 'total_slippage_cost': 2.135226074930462}, 'BNB': {'initial_cash': 1000.0, 'final_cash': 1089.6998959421458, 'total_pnl': 89.69989594214576, 'total_return_pct': 8.969989594214574, 'total_trades': 12, 'daily_trades': 0.13114754098360656, 'winning_trades': 9, 'losing_trades': 3, 'win_rate_pct': 75.0, 'profit_factor': 3.71807046930052, 'max_drawdown_pct': 3.707976332664735, 'sharpe_ratio': 3.2771526223851657, 'total_fees': 4.99452478745591, 'total_slippage_cost': 2.3809786292756256}, 'SOL': {'initial_cash': 1000.0, 'final_cash': 971.2397425088857, 'total_pnl': -28.760257491114317, 'total_return_pct': -2.876025749111432, 'total_trades': 8, 'daily_trades': 0.08743169398907104, 'winning_trades': 3, 'losing_trades': 5, 'win_rate_pct': 37.5, 'profit_factor': 0.45438617052081726, 'max_drawdown_pct': 3.8407836938690862, 'sharpe_ratio': -1.6025805767749954, 'total_fees': 2.064457463556681, 'total_slippage_cost': 1.2890664946038415}, 'AVAX': {'initial_cash': 1000.0, 'final_cash': 955.1978724376107, 'total_pnl': -44.80212756238927, 'total_return_pct': -4.480212756238927, 'total_trades': 11, 'daily_trades': 0.12025965152032798, 'winning_trades': 3, 'losing_trades': 8, 'win_rate_pct': 27.27272727272727, 'profit_factor': 0.4613492553272513, 'max_drawdown_pct': 6.1612460968143195, 'sharpe_ratio': -1.8746686094974407, 'total_fees': 2.7463368242380755, 'total_slippage_cost': 1.6009470768602165}, 'LINK': {'initial_cash': 1000.0, 'final_cash': 1057.1792770623854, 'total_pnl': 57.17927706238538, 'total_return_pct': 5.717927706238538, 'total_trades': 17, 'daily_trades': 0.1858558250768705, 'winning_trades': 10, 'losing_trades': 7, 'win_rate_pct': 58.82352941176471, 'profit_factor': 1.7982587197995028, 'max_drawdown_pct': 2.8717671990254714, 'sharpe_ratio': 1.866446392867688, 'total_fees': 4.169624727313889, 'total_slippage_cost': 2.159674401308254}}"
1h,2.2,70.0,13.313180815288412,8.366030803103792,63,3,"{'BTC': {'initial_cash': 1000.0, 'final_cash': 1016.2962042973247, 'total_pnl': 16.29620429732472, 'total_return_pct': 1.6296204297324721, 'total_trades': 8, 'daily_trades': 0.08743169398907104, 'winning_trades': 6, 'losing_trades': 2, 'win_rate_pct': 75.0, 'profit_factor': 1.805559789590204, 'max_drawdown_pct': 2.059995773394949, 'sharpe_ratio': 0.7096704986314277, 'total_fees': 5.1349832838689995, 'total_slippage_cost': 2.8532958482062747}, 'ETH': {'initial_cash': 1000.0, 'final_cash': 1080.1026464938511, 'total_pnl': 80.10264649385113, 'total_return_pct': 8.010264649385112, 'total_trades': 10, 'daily_trades': 0.1092896174863388, 'winning_trades': 7, 'losing_trades': 3, 'win_rate_pct': 70.0, 'profit_factor': 3.3889373583755447, 'max_drawdown_pct': 1.443451035145714, 'sharpe_ratio': 3.235774850410801, 'total_fees': 4.52688557935028, 'total_slippage_cost': 2.0871398313734426}, 'BNB': {'initial_cash': 1000.0, 'final_cash': 1074.21255031927, 'total_pnl': 74.2125503192699, 'total_return_pct': 7.421255031926989, 'total_trades': 12, 'daily_trades': 0.13114754098360656, 'winning_trades': 9, 'losing_trades': 3, 'win_rate_pct': 75.0, 'profit_factor': 3.260011443364871, 'max_drawdown_pct': 3.675054525925621, 'sharpe_ratio': 2.738268858306232, 'total_fees': 4.998339730321497, 'total_slippage_cost': 2.546037826952555}, 'SOL': {'initial_cash': 1000.0, 'final_cash': 971.26960333451, 'total_pnl': -28.730396665490048, 'total_return_pct': -2.873039666549005, 'total_trades': 8, 'daily_trades': 0.08743169398907104, 'winning_trades': 3, 'losing_trades': 5, 'win_rate_pct': 37.5, 'profit_factor': 0.45421339905147196, 'max_drawdown_pct': 3.8105202395661446, 'sharpe_ratio': -1.6328069889500778, 'total_fees': 2.0175401856065203, 'total_slippage_cost': 1.2596646519039234}, 'AVAX': {'initial_cash': 1000.0, 'final_cash': 955.2561247465696, 'total_pnl': -44.74387525343036, 'total_return_pct': -4.474387525343036, 'total_trades': 11, 'daily_trades': 0.12025965152032798, 'winning_trades': 3, 'losing_trades': 8, 'win_rate_pct': 27.27272727272727, 'profit_factor': 0.4613941951911035, 'max_drawdown_pct': 6.138250538080684, 'sharpe_ratio': -1.9166914129897734, 'total_fees': 2.6834447514450375, 'total_slippage_cost': 1.5639041127521476}, 'LINK': {'initial_cash': 1000.0, 'final_cash': 1092.1390754999798, 'total_pnl': 92.13907549997975, 'total_return_pct': 9.213907549997975, 'total_trades': 17, 'daily_trades': 0.1858558250768705, 'winning_trades': 11, 'losing_trades': 6, 'win_rate_pct': 64.70588235294117, 'profit_factor': 2.443082750078832, 'max_drawdown_pct': 2.670444457143338, 'sharpe_ratio': 2.8486828690597994, 'total_fees': 4.109590802793242, 'total_slippage_cost': 2.025044301987333}}"
1h,2.3,70.0,11.649349632772237,7.842511671269542,62,3,"{'BTC': {'initial_cash': 1000.0, 'final_cash': 1004.1003098556837, 'total_pnl': 4.10030985568369, 'total_return_pct': 0.41003098556836903, 'total_trades': 8, 'daily_trades': 0.08743169398907104, 'winning_trades': 5, 'losing_trades': 3, 'win_rate_pct': 62.5, 'profit_factor': 1.169862374945206, 'max_drawdown_pct': 3.196202721492287, 'sharpe_ratio': 0.20744611277867592, 'total_fees': 4.869649018329836, 'total_slippage_cost': 2.7066451007703156}, 'ETH': {'initial_cash': 1000.0, 'final_cash': 1057.6886653349543, 'total_pnl': 57.688665334954294, 'total_return_pct': 5.768866533495429, 'total_trades': 10, 'daily_trades': 0.1092896174863388, 'winning_trades': 7, 'losing_trades': 3, 'win_rate_pct': 70.0, 'profit_factor': 2.7541664236146604, 'max_drawdown_pct': 1.7056928598693317, 'sharpe_ratio': 2.2992298929286226, 'total_fees': 4.500903471112594, 'total_slippage_cost': 2.3390068504780777}, 'BNB': {'initial_cash': 1000.0, 'final_cash': 1089.7987277805137, 'total_pnl': 89.79872778051367, 'total_return_pct': 8.979872778051368, 'total_trades': 11, 'daily_trades': 0.12021857923497267, 'winning_trades': 8, 'losing_trades': 3, 'win_rate_pct': 72.72727272727273, 'profit_factor': 3.710078364975724, 'max_drawdown_pct': 3.5297757788861746, 'sharpe_ratio': 3.1919833451964794, 'total_fees': 4.001160550508108, 'total_slippage_cost': 1.8734769611859545}, 'SOL': {'initial_cash': 1000.0, 'final_cash': 971.4506269453856, 'total_pnl': -28.54937305461442, 'total_return_pct': -2.854937305461442, 'total_trades': 8, 'daily_trades': 0.08743169398907104, 'winning_trades': 3, 'losing_trades': 5, 'win_rate_pct': 37.5, 'profit_factor': 0.45635760589666297, 'max_drawdown_pct': 3.7414883426071674, 'sharpe_ratio': -1.6249294537851853, 'total_fees': 1.9299990266243803, 'total_slippage_cost': 1.2048320769061687}, 'AVAX': {'initial_cash': 1000.0, 'final_cash': 959.6766949672701, 'total_pnl': -40.32330503272988, 'total_return_pct': -4.032330503272988, 'total_trades': 11, 'daily_trades': 0.12025965152032798, 'winning_trades': 4, 'losing_trades': 7, 'win_rate_pct': 36.36363636363637, 'profit_factor': 0.44425832858196485, 'max_drawdown_pct': 5.418675984948167, 'sharpe_ratio': -1.7158345864901445, 'total_fees': 2.6354095140563354, 'total_slippage_cost': 1.6099161331162084}, 'LINK': {'initial_cash': 1000.0, 'final_cash': 1092.166215129229, 'total_pnl': 92.16621512922893, 'total_return_pct': 9.216621512922893, 'total_trades': 17, 'daily_trades': 0.1858558250768705, 'winning_trades': 11, 'losing_trades': 6, 'win_rate_pct': 64.70588235294117, 'profit_factor': 2.444919184310732, 'max_drawdown_pct': 2.6108297902147313, 'sharpe_ratio': 2.9086388069930833, 'total_fees': 3.931690850975051, 'total_slippage_cost': 1.936495989320347}}"
1h,2.4,70.0,9.525900822993231,7.399641844934631,61,3,"{'BTC': {'initial_cash': 1000.0, 'final_cash': 1004.2414094290887, 'total_pnl': 4.241409429088662, 'total_return_pct': 0.42414094290886617, 'total_trades': 8, 'daily_trades': 0.08743169398907104, 'winning_trades': 5, 'losing_trades': 3, 'win_rate_pct': 62.5, 'profit_factor': 1.1728205677344963, 'max_drawdown_pct': 3.146247773647304, 'sharpe_ratio': 0.21753928906942802, 'total_fees': 4.666903638964382, 'total_slippage_cost': 2.5936508653926045}, 'ETH': {'initial_cash': 1000.0, 'final_cash': 1057.8158372218434, 'total_pnl': 57.81583722184337, 'total_return_pct': 5.781583722184337, 'total_trades': 10, 'daily_trades': 0.1092896174863388, 'winning_trades': 7, 'losing_trades': 3, 'win_rate_pct': 70.0, 'profit_factor': 2.7620059958491576, 'max_drawdown_pct': 1.63551050217259, 'sharpe_ratio': 2.345785712013459, 'total_fees': 4.31501417246151, 'total_slippage_cost': 2.242311400814782}, 'BNB': {'initial_cash': 1000.0, 'final_cash': 1089.9227770685047, 'total_pnl': 89.92277706850473, 'total_return_pct': 8.992277706850473, 'total_trades': 11, 'daily_trades': 0.12021857923497267, 'winning_trades': 8, 'losing_trades': 3, 'win_rate_pct': 72.72727272727273, 'profit_factor': 3.719173832729754, 'max_drawdown_pct': 3.4662639782746036, 'sharpe_ratio': 3.2820588576824647, 'total_fees': 3.8351564879927813, 'total_slippage_cost': 1.7957386623273488}, 'SOL': {'initial_cash': 1000.0, 'final_cash': 964.5792163758033, 'total_pnl': -35.4207836241967, 'total_return_pct': -3.54207836241967, 'total_trades': 8, 'daily_trades': 0.08743169398907104, 'winning_trades': 3, 'losing_trades': 5, 'win_rate_pct': 37.5, 'profit_factor': 0.3182352705746509, 'max_drawdown_pct': 4.375795963681483, 'sharpe_ratio': -1.985444473448632, 'total_fees': 1.8850012478512908, 'total_slippage_cost': 1.224196499283582}, 'AVAX': {'initial_cash': 1000.0, 'final_cash': 969.4980572225865, 'total_pnl': -30.501942777413547, 'total_return_pct': -3.0501942777413547, 'total_trades': 10, 'daily_trades': 0.1093269559275709, 'winning_trades': 4, 'losing_trades': 6, 'win_rate_pct': 40.0, 'profit_factor': 0.5167106381541918, 'max_drawdown_pct': 4.805450864481138, 'sharpe_ratio': -1.341056210752713, 'total_fees': 2.483744726383326, 'total_slippage_cost': 1.5112330173789994}, 'LINK': {'initial_cash': 1000.0, 'final_cash': 1069.3403032454048, 'total_pnl': 69.34030324540481, 'total_return_pct': 6.9340303245404815, 'total_trades': 17, 'daily_trades': 0.1858558250768705, 'winning_trades': 11, 'losing_trades': 6, 'win_rate_pct': 64.70588235294117, 'profit_factor': 2.1020005863846776, 'max_drawdown_pct': 2.544426841678616, 'sharpe_ratio': 2.1623588017932818, 'total_fees': 3.8552288591817536, 'total_slippage_cost': 2.047633652164302}}"
1h,2.5,70.0,7.417843095278885,8.610577000305522,60,3,"{'BTC': {'initial_cash': 1000.0, 'final_cash': 1004.3669706843574, 'total_pnl': 4.366970684357398, 'total_return_pct': 0.43669706843573974, 'total_trades': 8, 'daily_trades': 0.08743169398907104, 'winning_trades': 5, 'losing_trades': 3, 'win_rate_pct': 62.5, 'profit_factor': 1.175438426109905, 'max_drawdown_pct': 3.10025977953334, 'sharpe_ratio': 0.22757938405357203, 'total_fees': 4.480365286056741, 'total_slippage_cost': 2.4896933420608867}, 'ETH': {'initial_cash': 1000.0, 'final_cash': 1058.0857008623984, 'total_pnl': 58.085700862398426, 'total_return_pct': 5.808570086239842, 'total_trades': 10, 'daily_trades': 0.1092896174863388, 'winning_trades': 7, 'losing_trades': 3, 'win_rate_pct': 70.0, 'profit_factor': 2.7737680903123962, 'max_drawdown_pct': 1.5708753486081108, 'sharpe_ratio': 2.358219626436771, 'total_fees': 4.144172590004427, 'total_slippage_cost': 2.1534702444945717}, 'BNB': {'initial_cash': 1000.0, 'final_cash': 1090.0369103061435, 'total_pnl': 90.03691030614345, 'total_return_pct': 9.003691030614345, 'total_trades': 11, 'daily_trades': 0.12021857923497267, 'winning_trades': 8, 'losing_trades': 3, 'win_rate_pct': 72.72727272727273, 'profit_factor': 3.7275848196104273, 'max_drawdown_pct': 3.4077840073266112, 'sharpe_ratio': 3.376667528638444, 'total_fees': 3.6824152233172973, 'total_slippage_cost': 1.7242116650793724}, 'SOL': {'initial_cash': 1000.0, 'final_cash': 964.608680155689, 'total_pnl': -35.391319844311056, 'total_return_pct': -3.5391319844311058, 'total_trades': 8, 'daily_trades': 0.08743169398907104, 'winning_trades': 3, 'losing_trades': 5, 'win_rate_pct': 37.5, 'profit_factor': 0.3174289867708063, 'max_drawdown_pct': 4.3299953049937185, 'sharpe_ratio': -1.8626075108080467, 'total_fees': 1.8095236403644637, 'total_slippage_cost': 1.1750311185903715}, 'AVAX': {'initial_cash': 1000.0, 'final_cash': 962.8383143832348, 'total_pnl': -37.161685616765226, 'total_return_pct': -3.7161685616765228, 'total_trades': 10, 'daily_trades': 0.1093269559275709, 'winning_trades': 4, 'losing_trades': 6, 'win_rate_pct': 40.0, 'profit_factor': 0.4028704267234212, 'max_drawdown_pct': 5.3695113664898475, 'sharpe_ratio': -1.6365104782292104, 'total_fees': 2.4171020882674368, 'total_slippage_cost': 1.521865403466935}, 'LINK': {'initial_cash': 1000.0, 'final_cash': 1055.9412664143888, 'total_pnl': 55.94126641438879, 'total_return_pct': 5.594126641438879, 'total_trades': 16, 'daily_trades': 0.17492312948411343, 'winning_trades': 9, 'losing_trades': 7, 'win_rate_pct': 56.25, 'profit_factor': 1.769258991194593, 'max_drawdown_pct': 3.608757302051483, 'sharpe_ratio': 1.873329756000178, 'total_fees': 3.6051576502953337, 'total_slippage_cost': 1.9000996378512542}}"
1h,1.8,75.0,15.768561552099209,6.141025386511634,44,1,"{'BTC': {'initial_cash': 1000.0, 'final_cash': 992.5893936750957, 'total_pnl': -7.410606324904279, 'total_return_pct': -0.7410606324904279, 'total_trades': 6, 'daily_trades': 0.06557377049180328, 'winning_trades': 3, 'losing_trades': 3, 'win_rate_pct': 50.0, 'profit_factor': 0.7355361825543667, 'max_drawdown_pct': 2.6478285943473563, 'sharpe_ratio': -0.3514135365969809, 'total_fees': 4.764200057656287, 'total_slippage_cost': 3.1262421185565192}, 'ETH': {'initial_cash': 1000.0, 'final_cash': 1083.070611667654, 'total_pnl': 83.07061166765402, 'total_return_pct': 8.307061166765402, 'total_trades': 9, 'daily_trades': 0.09836065573770492, 'winning_trades': 7, 'losing_trades': 2, 'win_rate_pct': 77.77777777777779, 'profit_factor': 4.627183793831389, 'max_drawdown_pct': 1.4334071657616667, 'sharpe_ratio': 3.486413666849441, 'total_fees': 5.17741810059997, 'total_slippage_cost': 2.37307409455477}, 'BNB': {'initial_cash': 1000.0, 'final_cash': 1033.3017304911602, 'total_pnl': 33.30173049116024, 'total_return_pct': 3.330173049116024, 'total_trades': 8, 'daily_trades': 0.08743169398907104, 'winning_trades': 5, 'losing_trades': 3, 'win_rate_pct': 62.5, 'profit_factor': 2.012920689502492, 'max_drawdown_pct': 3.1321733778730416, 'sharpe_ratio': 1.4349045827125337, 'total_fees': 4.697211157196677, 'total_slippage_cost': 2.6416531277601347}, 'SOL': {'initial_cash': 1000.0, 'final_cash': 1005.6154715427559, 'total_pnl': 5.615471542755927, 'total_return_pct': 0.5615471542755927, 'total_trades': 6, 'daily_trades': 0.06557377049180328, 'winning_trades': 3, 'losing_trades': 3, 'win_rate_pct': 50.0, 'profit_factor': 1.1945624855950883, 'max_drawdown_pct': 2.8909215553413827, 'sharpe_ratio': 0.3393624165283549, 'total_fees': 1.880451156470205, 'total_slippage_cost': 1.0538410514719483}, 'AVAX': {'initial_cash': 1000.0, 'final_cash': 993.1685970155304, 'total_pnl': -6.831402984469605, 'total_return_pct': -0.6831402984469606, 'total_trades': 6, 'daily_trades': 0.06559617355654254, 'winning_trades': 3, 'losing_trades': 3, 'win_rate_pct': 50.0, 'profit_factor': 0.7969412988191908, 'max_drawdown_pct': 3.914095894402191, 'sharpe_ratio': -0.34492205143156857, 'total_fees': 1.559997664679405, 'total_slippage_cost': 0.8342514825487044}, 'LINK': {'initial_cash': 1000.0, 'final_cash': 1023.368367690994, 'total_pnl': 23.368367690993978, 'total_return_pct': 2.336836769099398, 'total_trades': 10, 'daily_trades': 0.1093269559275709, 'winning_trades': 5, 'losing_trades': 5, 'win_rate_pct': 50.0, 'profit_factor': 1.4633787301825028, 'max_drawdown_pct': 2.071262840824761, 'sharpe_ratio': 0.9936139224356705, 'total_fees': 2.678333211271657, 'total_slippage_cost': 1.5019805181186363}}"
1h,1.9,75.0,16.659559403941284,4.227873705762751,43,2,"{'BTC': {'initial_cash': 1000.0, 'final_cash': 999.0854919089904, 'total_pnl': -0.9145080910095658, 'total_return_pct': -0.09145080910095657, 'total_trades': 6, 'daily_trades': 0.06557377049180328, 'winning_trades': 3, 'losing_trades': 3, 'win_rate_pct': 50.0, 'profit_factor': 1.0203332324480257, 'max_drawdown_pct': 2.2048909236464813, 'sharpe_ratio': -0.01188831077392175, 'total_fees': 4.397604049764284, 'total_slippage_cost': 2.7461767153416963}, 'ETH': {'initial_cash': 1000.0, 'final_cash': 1083.2991468735015, 'total_pnl': 83.29914687350151, 'total_return_pct': 8.32991468735015, 'total_trades': 9, 'daily_trades': 0.09836065573770492, 'winning_trades': 7, 'losing_trades': 2, 'win_rate_pct': 77.77777777777779, 'profit_factor': 4.6571316408080765, 'max_drawdown_pct': 1.41068921408743, 'sharpe_ratio': 3.5444610245731933, 'total_fees': 4.907154585618472, 'total_slippage_cost': 2.2489450184389055}, 'BNB': {'initial_cash': 1000.0, 'final_cash': 1033.51910481945, 'total_pnl': 33.51910481944992, 'total_return_pct': 3.3519104819449916, 'total_trades': 8, 'daily_trades': 0.08743169398907104, 'winning_trades': 5, 'losing_trades': 3, 'win_rate_pct': 62.5, 'profit_factor': 2.02245088004672, 'max_drawdown_pct': 3.0478721549067886, 'sharpe_ratio': 1.4778026499709747, 'total_fees': 4.450698337515582, 'total_slippage_cost': 2.502989120310309}, 'SOL': {'initial_cash': 1000.0, 'final_cash': 1005.6920741292582, 'total_pnl': 5.692074129258231, 'total_return_pct': 0.5692074129258231, 'total_trades': 6, 'daily_trades': 0.06557377049180328, 'winning_trades': 3, 'losing_trades': 3, 'win_rate_pct': 50.0, 'profit_factor': 1.196430886283821, 'max_drawdown_pct': 2.8438744830577773, 'sharpe_ratio': 0.3527841296543903, 'total_fees': 1.781671651153414, 'total_slippage_cost': 0.9981416627651858}, 'AVAX': {'initial_cash': 1000.0, 'final_cash': 981.7861154115085, 'total_pnl': -18.21388458849151, 'total_return_pct': -1.821388458849151, 'total_trades': 6, 'daily_trades': 0.06559617355654254, 'winning_trades': 2, 'losing_trades': 4, 'win_rate_pct': 33.33333333333333, 'profit_factor': 0.5690198818929094, 'max_drawdown_pct': 3.864727932830201, 'sharpe_ratio': -0.969277182123768, 'total_fees': 1.4721344838392207, 'total_slippage_cost': 0.7843725450446719}, 'LINK': {'initial_cash': 1000.0, 'final_cash': 1057.5859720971253, 'total_pnl': 57.58597209712525, 'total_return_pct': 5.7585972097125255, 'total_trades': 10, 'daily_trades': 0.1093269559275709, 'winning_trades': 6, 'losing_trades': 4, 'win_rate_pct': 60.0, 'profit_factor': 2.390443727290051, 'max_drawdown_pct': 2.0668825452133435, 'sharpe_ratio': 2.3195348232061157, 'total_fees': 2.3931302533840473, 'total_slippage_cost': 1.147672466798702}}"
1h,2.0,75.0,16.794720096071273,4.217622385286443,43,2,"{'BTC': {'initial_cash': 1000.0, 'final_cash': 1011.3762568994151, 'total_pnl': 11.376256899415125, 'total_return_pct': 1.1376256899415125, 'total_trades': 6, 'daily_trades': 0.06557377049180328, 'winning_trades': 4, 'losing_trades': 2, 'win_rate_pct': 66.66666666666666, 'profit_factor': 2.0227602250492214, 'max_drawdown_pct': 1.4724079160122254, 'sharpe_ratio': 0.532178196799076, 'total_fees': 4.231544900657602, 'total_slippage_cost': 2.644267773538875}, 'ETH': {'initial_cash': 1000.0, 'final_cash': 1083.5048488171806, 'total_pnl': 83.50484881718057, 'total_return_pct': 8.350484881718058, 'total_trades': 9, 'daily_trades': 0.09836065573770492, 'winning_trades': 7, 'losing_trades': 2, 'win_rate_pct': 77.77777777777779, 'profit_factor': 4.6844328755910905, 'max_drawdown_pct': 1.3902392348542112, 'sharpe_ratio': 3.6391033741457037, 'total_fees': 4.663864393028078, 'total_slippage_cost': 2.137206829985967}, 'BNB': {'initial_cash': 1000.0, 'final_cash': 1033.7676211491212, 'total_pnl': 33.76762114912117, 'total_return_pct': 3.376762114912117, 'total_trades': 8, 'daily_trades': 0.08743169398907104, 'winning_trades': 5, 'losing_trades': 3, 'win_rate_pct': 62.5, 'profit_factor': 2.032636415101781, 'max_drawdown_pct': 2.966940578151822, 'sharpe_ratio': 1.5403212623278475, 'total_fees': 4.228970864123204, 'total_slippage_cost': 2.3782862464460304}, 'SOL': {'initial_cash': 1000.0, 'final_cash': 1005.7610180027381, 'total_pnl': 5.761018002738069, 'total_return_pct': 0.5761018002738069, 'total_trades': 6, 'daily_trades': 0.06557377049180328, 'winning_trades': 3, 'losing_trades': 3, 'win_rate_pct': 50.0, 'profit_factor': 1.198120592565929, 'max_drawdown_pct': 2.801497245259362, 'sharpe_ratio': 0.36306527653178455, 'total_fees': 1.6927637045479167, 'total_slippage_cost': 0.9480086328861002}, 'AVAX': {'initial_cash': 1000.0, 'final_cash': 970.282854963684, 'total_pnl': -29.71714503631597, 'total_return_pct': -2.971714503631597, 'total_trades': 6, 'daily_trades': 0.06559617355654254, 'winning_trades': 1, 'losing_trades': 5, 'win_rate_pct': 16.666666666666664, 'profit_factor': 0.4225706660211275, 'max_drawdown_pct': 4.949300559333913, 'sharpe_ratio': -1.6294866375141097, 'total_fees': 1.3768724410179878, 'total_slippage_cost': 0.7306927592463363}, 'LINK': {'initial_cash': 1000.0, 'final_cash': 1057.6011625816711, 'total_pnl': 57.60116258167113, 'total_return_pct': 5.7601162581671135, 'total_trades': 10, 'daily_trades': 0.1093269559275709, 'winning_trades': 6, 'losing_trades': 4, 'win_rate_pct': 60.0, 'profit_factor': 2.3921787521076228, 'max_drawdown_pct': 2.0629401954670357, 'sharpe_ratio': 2.4012889471547862, 'total_fees': 2.273999877121363, 'total_slippage_cost': 1.089812064640968}}"
1h,2.1,75.0,14.462940929561817,4.388969042774236,43,2,"{'BTC': {'initial_cash': 1000.0, 'final_cash': 1004.3799968815945, 'total_pnl': 4.379996881594479, 'total_return_pct': 0.43799968815944795, 'total_trades': 6, 'daily_trades': 0.06557377049180328, 'winning_trades': 4, 'losing_trades': 2, 'win_rate_pct': 66.66666666666666, 'profit_factor': 1.460988896366126, 'max_drawdown_pct': 1.8971593601182926, 'sharpe_ratio': 0.23515967434672835, 'total_fees': 4.134573783540509, 'total_slippage_cost': 2.714232988621039}, 'ETH': {'initial_cash': 1000.0, 'final_cash': 1091.433061625331, 'total_pnl': 91.43306162533099, 'total_return_pct': 9.143306162533099, 'total_trades': 9, 'daily_trades': 0.09836065573770492, 'winning_trades': 7, 'losing_trades': 2, 'win_rate_pct': 77.77777777777779, 'profit_factor': 5.046146303061132, 'max_drawdown_pct': 1.3717337512641958, 'sharpe_ratio': 3.6478039607167885, 'total_fees': 4.378837723830595, 'total_slippage_cost': 1.925371834855907}, 'BNB': {'initial_cash': 1000.0, 'final_cash': 1033.9421472557926, 'total_pnl': 33.942147255792634, 'total_return_pct': 3.3942147255792636, 'total_trades': 8, 'daily_trades': 0.08743169398907104, 'winning_trades': 5, 'losing_trades': 3, 'win_rate_pct': 62.5, 'profit_factor': 2.0404883058739327, 'max_drawdown_pct': 2.8983582747132504, 'sharpe_ratio': 1.5940037577981074, 'total_fees': 4.028193509500719, 'total_slippage_cost': 2.2653495241379815}, 'SOL': {'initial_cash': 1000.0, 'final_cash': 991.7725809336431, 'total_pnl': -8.227419066356902, 'total_return_pct': -0.8227419066356902, 'total_trades': 6, 'daily_trades': 0.06557377049180328, 'winning_trades': 3, 'losing_trades': 3, 'win_rate_pct': 50.0, 'profit_factor': 0.7546589689610288, 'max_drawdown_pct': 3.5848488524007878, 'sharpe_ratio': -0.460756932412038, 'total_fees': 1.6448217687338778, 'total_slippage_cost': 0.9829876233372011}, 'AVAX': {'initial_cash': 1000.0, 'final_cash': 970.3841807531718, 'total_pnl': -29.61581924682821, 'total_return_pct': -2.9615819246828208, 'total_trades': 6, 'daily_trades': 0.06559617355654254, 'winning_trades': 1, 'losing_trades': 5, 'win_rate_pct': 16.666666666666664, 'profit_factor': 0.42334225067525993, 'max_drawdown_pct': 4.901513233091755, 'sharpe_ratio': -1.6850916077109106, 'total_fees': 1.310868574230651, 'total_slippage_cost': 0.6952180089672391}, 'LINK': {'initial_cash': 1000.0, 'final_cash': 1050.3686354406793, 'total_pnl': 50.36863544067933, 'total_return_pct': 5.036863544067933, 'total_trades': 10, 'daily_trades': 0.1093269559275709, 'winning_trades': 6, 'losing_trades': 4, 'win_rate_pct': 60.0, 'profit_factor': 2.2228929320247124, 'max_drawdown_pct': 2.0593732392780564, 'sharpe_ratio': 2.0751707486963595, 'total_fees': 2.2311570040978186, 'total_slippage_cost': 1.1572855081808082}}"
1h,2.15,75.0,14.469471530218605,4.38509063060771,43,2,"{'BTC': {'initial_cash': 1000.0, 'final_cash': 1004.392466098813, 'total_pnl': 4.3924660988129745, 'total_return_pct': 0.43924660988129743, 'total_trades': 6, 'daily_trades': 0.06557377049180328, 'winning_trades': 4, 'losing_trades': 2, 'win_rate_pct': 66.66666666666666, 'profit_factor': 1.4615836505531716, 'max_drawdown_pct': 1.8764261919779597, 'sharpe_ratio': 0.23897239149865981, 'total_fees': 4.038268774473373, 'total_slippage_cost': 2.6509230624927644}, 'ETH': {'initial_cash': 1000.0, 'final_cash': 1091.529182164561, 'total_pnl': 91.529182164561, 'total_return_pct': 9.1529182164561, 'total_trades': 9, 'daily_trades': 0.09836065573770492, 'winning_trades': 7, 'losing_trades': 2, 'win_rate_pct': 77.77777777777779, 'profit_factor': 5.05914894012442, 'max_drawdown_pct': 1.3631255390164727, 'sharpe_ratio': 3.6964435351950287, 'total_fees': 4.277962704545526, 'total_slippage_cost': 1.880900947222942}, 'BNB': {'initial_cash': 1000.0, 'final_cash': 1034.0233265753193, 'total_pnl': 34.02332657531929, 'total_return_pct': 3.4023326575319284, 'total_trades': 8, 'daily_trades': 0.08743169398907104, 'winning_trades': 5, 'losing_trades': 3, 'win_rate_pct': 62.5, 'profit_factor': 2.044164756595336, 'max_drawdown_pct': 2.8664334797958375, 'sharpe_ratio': 1.6211196897007696, 'total_fees': 3.9348039054052855, 'total_slippage_cost': 2.2128184614818336}, 'SOL': {'initial_cash': 1000.0, 'final_cash': 991.7848692509385, 'total_pnl': -8.215130749061473, 'total_return_pct': -0.8215130749061472, 'total_trades': 6, 'daily_trades': 0.06557377049180328, 'winning_trades': 3, 'losing_trades': 3, 'win_rate_pct': 50.0, 'profit_factor': 0.7544190667690761, 'max_drawdown_pct': 3.554005998295139, 'sharpe_ratio': -0.4685135787705416, 'total_fees': 1.6065550317008719, 'total_slippage_cost': 0.960007179067832}, 'AVAX': {'initial_cash': 1000.0, 'final_cash': 970.4313119532466, 'total_pnl': -29.568688046753437, 'total_return_pct': -2.9568688046753437, 'total_trades': 6, 'daily_trades': 0.06559617355654254, 'winning_trades': 1, 'losing_trades': 5, 'win_rate_pct': 16.666666666666664, 'profit_factor': 0.4237018698592563, 'max_drawdown_pct': 4.879274793781181, 'sharpe_ratio': -1.5330349273186585, 'total_fees': 1.2801670444364945, 'total_slippage_cost': 0.6787172572174954}, 'LINK': {'initial_cash': 1000.0, 'final_cash': 1050.3604398996797, 'total_pnl': 50.360439899679704, 'total_return_pct': 5.036043989967971, 'total_trades': 10, 'daily_trades': 0.1093269559275709, 'winning_trades': 6, 'losing_trades': 4, 'win_rate_pct': 60.0, 'profit_factor': 2.22316000599403, 'max_drawdown_pct': 2.057714167772383, 'sharpe_ratio': 2.0797765895152156, 'total_fees': 2.179462131972888, 'total_slippage_cost': 1.1301460312690585}}"
1h,2.2,75.0,21.228456916808682,4.40651222649328,43,2,"{'BTC': {'initial_cash': 1000.0, 'final_cash': 1027.478882304773, 'total_pnl': 27.478882304772924, 'total_return_pct': 2.7478882304772925, 'total_trades': 6, 'daily_trades': 0.06557377049180328, 'winning_trades': 5, 'losing_trades': 1, 'win_rate_pct': 83.33333333333334, 'profit_factor': 3.5473070140933443, 'max_drawdown_pct': 1.8566286401193028, 'sharpe_ratio': 1.2955038044628457, 'total_fees': 3.337224946968847, 'total_slippage_cost': 1.567292338968555}, 'ETH': {'initial_cash': 1000.0, 'final_cash': 1091.6209383205423, 'total_pnl': 91.62093832054234, 'total_return_pct': 9.162093832054234, 'total_trades': 9, 'daily_trades': 0.09836065573770492, 'winning_trades': 7, 'losing_trades': 2, 'win_rate_pct': 77.77777777777779, 'profit_factor': 5.071623746233968, 'max_drawdown_pct': 1.3549080105004154, 'sharpe_ratio': 3.7423792384788888, 'total_fees': 4.1816648778618095, 'total_slippage_cost': 1.8384484597732003}, 'BNB': {'initial_cash': 1000.0, 'final_cash': 1034.1008185236299, 'total_pnl': 34.10081852362987, 'total_return_pct': 3.4100818523629868, 'total_trades': 8, 'daily_trades': 0.08743169398907104, 'winning_trades': 5, 'losing_trades': 3, 'win_rate_pct': 62.5, 'profit_factor': 2.047688678842288, 'max_drawdown_pct': 2.8359443671268485, 'sharpe_ratio': 1.6561032693845963, 'total_fees': 3.845656447452903, 'total_slippage_cost': 2.1626737798226277}, 'SOL': {'initial_cash': 1000.0, 'final_cash': 991.796598471032, 'total_pnl': -8.203401528968016, 'total_return_pct': -0.8203401528968016, 'total_trades': 6, 'daily_trades': 0.06557377049180328, 'winning_trades': 3, 'losing_trades': 3, 'win_rate_pct': 50.0, 'profit_factor': 0.7541896136860144, 'max_drawdown_pct': 3.5245476757851995, 'sharpe_ratio': -0.4790368235883879, 'total_fees': 1.5700277340608333, 'total_slippage_cost': 0.9380713867788475}, 'AVAX': {'initial_cash': 1000.0, 'final_cash': 970.4763025590855, 'total_pnl': -29.523697440914475, 'total_return_pct': -2.9523697440914476, 'total_trades': 6, 'daily_trades': 0.06559617355654254, 'winning_trades': 1, 'losing_trades': 5, 'win_rate_pct': 16.666666666666664, 'profit_factor': 0.4240455837287416, 'max_drawdown_pct': 4.85804021327792, 'sharpe_ratio': -1.562346142216378, 'total_fees': 1.2508598204146462, 'total_slippage_cost': 0.6629660255738254}, 'LINK': {'initial_cash': 1000.0, 'final_cash': 1085.080455644357, 'total_pnl': 85.08045564435702, 'total_return_pct': 8.508045564435701, 'total_trades': 10, 'daily_trades': 0.1093269559275709, 'winning_trades': 7, 'losing_trades': 3, 'win_rate_pct': 70.0, 'profit_factor': 3.659048917158943, 'max_drawdown_pct': 1.8505583265954215, 'sharpe_ratio': 3.2485540089553617, 'total_fees': 2.1097021120512935, 'total_slippage_cost': 0.990853829849226}}"
1h,2.3,75.0,18.53102436733384,4.418909463301297,43,2,"{'BTC': {'initial_cash': 1000.0, 'final_cash': 1027.504464325361, 'total_pnl': 27.504464325360914, 'total_return_pct': 2.7504464325360916, 'total_trades': 6, 'daily_trades': 0.06557377049180328, 'winning_trades': 5, 'losing_trades': 1, 'win_rate_pct': 83.33333333333334, 'profit_factor': 3.5574961515131616, 'max_drawdown_pct': 1.8195979960843642, 'sharpe_ratio': 1.3389602560674998, 'total_fees': 3.1921239260006833, 'total_slippage_cost': 1.4988614881141213}, 'ETH': {'initial_cash': 1000.0, 'final_cash': 1068.942495676899, 'total_pnl': 68.94249567689894, 'total_return_pct': 6.8942495676898945, 'total_trades': 9, 'daily_trades': 0.09836065573770492, 'winning_trades': 7, 'losing_trades': 2, 'win_rate_pct': 77.77777777777779, 'profit_factor': 4.102654566364725, 'max_drawdown_pct': 1.7056928598693317, 'sharpe_ratio': 2.772394926619542, 'total_fees': 4.177333311224039, 'total_slippage_cost': 2.1058487279537648}, 'BNB': {'initial_cash': 1000.0, 'final_cash': 1034.2457015812256, 'total_pnl': 34.2457015812256, 'total_return_pct': 3.4245701581225605, 'total_trades': 8, 'daily_trades': 0.08743169398907104, 'winning_trades': 5, 'losing_trades': 3, 'win_rate_pct': 62.5, 'profit_factor': 2.0543153938551875, 'max_drawdown_pct': 2.7789024778002522, 'sharpe_ratio': 1.6677258231971455, 'total_fees': 3.678982030786563, 'total_slippage_cost': 2.0689213733627}, 'SOL': {'initial_cash': 1000.0, 'final_cash': 991.9463637058781, 'total_pnl': -8.05363629412193, 'total_return_pct': -0.805363629412193, 'total_trades': 6, 'daily_trades': 0.06557377049180328, 'winning_trades': 3, 'losing_trades': 3, 'win_rate_pct': 50.0, 'profit_factor': 0.7578610122620106, 'max_drawdown_pct': 3.46152451925711, 'sharpe_ratio': -0.47058632442222775, 'total_fees': 1.5018761432489844, 'total_slippage_cost': 0.8971721171599436}, 'AVAX': {'initial_cash': 1000.0, 'final_cash': 970.5604199716756, 'total_pnl': -29.43958002832437, 'total_return_pct': -2.9439580028324372, 'total_trades': 6, 'daily_trades': 0.06559617355654254, 'winning_trades': 1, 'losing_trades': 5, 'win_rate_pct': 16.666666666666664, 'profit_factor': 0.4246893375185444, 'max_drawdown_pct': 4.818322483002803, 'sharpe_ratio': -1.6150967262639344, 'total_fees': 1.1960648616222675, 'total_slippage_cost': 0.6335167238468101}, 'LINK': {'initial_cash': 1000.0, 'final_cash': 1084.9179551777563, 'total_pnl': 84.91795517775631, 'total_return_pct': 8.491795517775632, 'total_trades': 10, 'daily_trades': 0.1093269559275709, 'winning_trades': 7, 'losing_trades': 3, 'win_rate_pct': 70.0, 'profit_factor': 3.6566425083905933, 'max_drawdown_pct': 1.8135455697758291, 'sharpe_ratio': 3.3087850450589302, 'total_fees': 2.018559206233533, 'total_slippage_cost': 0.9474378617608146}}"
1h,2.4,75.0,17.074697197799516,4.650444154450254,42,2,"{'BTC': {'initial_cash': 1000.0, 'final_cash': 1027.52285432979, 'total_pnl': 27.522854329790107, 'total_return_pct': 2.752285432979011, 'total_trades': 6, 'daily_trades': 0.06557377049180328, 'winning_trades': 5, 'losing_trades': 1, 'win_rate_pct': 83.33333333333334, 'profit_factor': 3.566469041121713, 'max_drawdown_pct': 1.7856328134124952, 'sharpe_ratio': 1.3750618181577887, 'total_fees': 3.0591157264783435, 'total_slippage_cost': 1.4361360478256104}, 'ETH': {'initial_cash': 1000.0, 'final_cash': 1069.0477015135132, 'total_pnl': 69.04770151351318, 'total_return_pct': 6.904770151351318, 'total_trades': 9, 'daily_trades': 0.09836065573770492, 'winning_trades': 7, 'losing_trades': 2, 'win_rate_pct': 77.77777777777779, 'profit_factor': 4.1178935560645575, 'max_drawdown_pct': 1.63551050217259, 'sharpe_ratio': 2.8346720540578287, 'total_fees': 4.004667690644762, 'total_slippage_cost': 2.018621032971934}, 'BNB': {'initial_cash': 1000.0, 'final_cash': 1034.3785188417285, 'total_pnl': 34.378518841728464, 'total_return_pct': 3.4378518841728463, 'total_trades': 8, 'daily_trades': 0.08743169398907104, 'winning_trades': 5, 'losing_trades': 3, 'win_rate_pct': 62.5, 'profit_factor': 2.060434379858701, 'max_drawdown_pct': 2.7265676623363455, 'sharpe_ratio': 1.7129483480511651, 'total_fees': 3.5261886438373793, 'total_slippage_cost': 1.982977485106789}, 'SOL': {'initial_cash': 1000.0, 'final_cash': 984.8980483441344, 'total_pnl': -15.101951655865605, 'total_return_pct': -1.5101951655865606, 'total_trades': 6, 'daily_trades': 0.06557377049180328, 'winning_trades': 3, 'losing_trades': 3, 'win_rate_pct': 50.0, 'profit_factor': 0.5288064071400029, 'max_drawdown_pct': 4.099014410219946, 'sharpe_ratio': -0.88252739487908, 'total_fees': 1.4771632742612353, 'total_slippage_cost': 0.9315518208140362}, 'AVAX': {'initial_cash': 1000.0, 'final_cash': 980.5475541341498, 'total_pnl': -19.452445865850223, 'total_return_pct': -1.9452445865850223, 'total_trades': 5, 'daily_trades': 0.05466347796378545, 'winning_trades': 1, 'losing_trades': 4, 'win_rate_pct': 20.0, 'profit_factor': 0.5316736314641737, 'max_drawdown_pct': 3.5051710428835814, 'sharpe_ratio': -1.1040705128893855, 'total_fees': 1.0938686703945437, 'total_slippage_cost': 0.5686666146173371}, 'LINK': {'initial_cash': 1000.0, 'final_cash': 1069.5725472960091, 'total_pnl': 69.57254729600913, 'total_return_pct': 6.957254729600913, 'total_trades': 10, 'daily_trades': 0.1093269559275709, 'winning_trades': 7, 'losing_trades': 3, 'win_rate_pct': 70.0, 'profit_factor': 3.1930907542048304, 'max_drawdown_pct': 1.7796162903657204, 'sharpe_ratio': 2.7927163870948766, 'total_fees': 1.9880477487338886, 'total_slippage_cost': 1.0052186682499307}}"
1h,2.5,75.0,15.636430766965054,5.803266726981763,42,2,"{'BTC': {'initial_cash': 1000.0, 'final_cash': 1027.5354149240434, 'total_pnl': 27.53541492404338, 'total_return_pct': 2.753541492404338, 'total_trades': 6, 'daily_trades': 0.06557377049180328, 'winning_trades': 5, 'losing_trades': 1, 'win_rate_pct': 83.33333333333334, 'profit_factor': 3.574402173886745, 'max_drawdown_pct': 1.7543675741376952, 'sharpe_ratio': 1.410226145420401, 'total_fees': 2.9367496547092227, 'total_slippage_cost': 1.3784311190109173}, 'ETH': {'initial_cash': 1000.0, 'final_cash': 1069.2989723566254, 'total_pnl': 69.29897235662543, 'total_return_pct': 6.929897235662542, 'total_trades': 9, 'daily_trades': 0.09836065573770492, 'winning_trades': 7, 'losing_trades': 2, 'win_rate_pct': 77.77777777777779, 'profit_factor': 4.138896197179825, 'max_drawdown_pct': 1.5708753486081108, 'sharpe_ratio': 2.845733390644151, 'total_fees': 3.8459662518986737, 'total_slippage_cost': 1.9384716959413932}, 'BNB': {'initial_cash': 1000.0, 'final_cash': 1046.516649569906, 'total_pnl': 46.516649569905894, 'total_return_pct': 4.651664956990589, 'total_trades': 8, 'daily_trades': 0.08743169398907104, 'winning_trades': 5, 'losing_trades': 3, 'win_rate_pct': 62.5, 'profit_factor': 3.1995145490499137, 'max_drawdown_pct': 2.4063110692354104, 'sharpe_ratio': 2.242614806410765, 'total_fees': 3.393123291424587, 'total_slippage_cost': 1.9097880153805287}, 'SOL': {'initial_cash': 1000.0, 'final_cash': 984.8987565796716, 'total_pnl': -15.101243420328387, 'total_return_pct': -1.5101243420328387, 'total_trades': 6, 'daily_trades': 0.06557377049180328, 'winning_trades': 3, 'losing_trades': 3, 'win_rate_pct': 50.0, 'profit_factor': 0.5275310191633935, 'max_drawdown_pct': 4.054312123014321, 'sharpe_ratio': -0.8201582031730024, 'total_fees': 1.41797748278914, 'total_slippage_cost': 0.8940751045809621}, 'AVAX': {'initial_cash': 1000.0, 'final_cash': 980.6146057251157, 'total_pnl': -19.385394274884334, 'total_return_pct': -1.9385394274884333, 'total_trades': 5, 'daily_trades': 0.05466347796378545, 'winning_trades': 1, 'losing_trades': 4, 'win_rate_pct': 20.0, 'profit_factor': 0.5324319853513152, 'max_drawdown_pct': 3.4837968920439497, 'sharpe_ratio': -1.0856558679525286, 'total_fees': 1.0499234364044883, 'total_slippage_cost': 0.545536025754141}, 'LINK': {'initial_cash': 1000.0, 'final_cash': 1056.8222545721617, 'total_pnl': 56.82225457216168, 'total_return_pct': 5.682225457216168, 'total_trades': 10, 'daily_trades': 0.1093269559275709, 'winning_trades': 6, 'losing_trades': 4, 'win_rate_pct': 60.0, 'profit_factor': 2.350325635018176, 'max_drawdown_pct': 2.601691008549826, 'sharpe_ratio': 2.2430684723413816, 'total_fees': 1.895271215830264, 'total_slippage_cost': 0.9559015097443142}}"
4h,1.8,60.0,6.299965778053387,5.046440264676899,40,2,"{'BTC': {'initial_cash': 1000.0, 'final_cash': 1042.0894314709965, 'total_pnl': 42.08943147099649, 'total_return_pct': 4.208943147099649, 'total_trades': 7, 'daily_trades': 0.30601092896174864, 'winning_trades': 5, 'losing_trades': 2, 'win_rate_pct': 71.42857142857143, 'profit_factor': 3.0119879090607737, 'max_drawdown_pct': 1.7596806739868385, 'sharpe_ratio': 5.221401505288343, 'total_fees': 1.3465777655922444, 'total_slippage_cost': 0.5590551979430148}, 'ETH': {'initial_cash': 1000.0, 'final_cash': 959.4557583035224, 'total_pnl': -40.54424169647757, 'total_return_pct': -4.054424169647757, 'total_trades': 7, 'daily_trades': 0.30601092896174864, 'winning_trades': 2, 'losing_trades': 5, 'win_rate_pct': 28.57142857142857, 'profit_factor': 0.21702314920105084, 'max_drawdown_pct': 4.917514204420388, 'sharpe_ratio': -5.887159682416081, 'total_fees': 1.7269727490783886, 'total_slippage_cost': 1.1422419417753242}, 'BNB': {'initial_cash': 1000.0, 'final_cash': 1090.6440391453464, 'total_pnl': 90.64403914534637, 'total_return_pct': 9.064403914534637, 'total_trades': 11, 'daily_trades': 0.4808743169398907, 'winning_trades': 9, 'losing_trades': 2, 'win_rate_pct': 81.81818181818183, 'profit_factor': 5.138763355092506, 'max_drawdown_pct': 1.3057530094335763, 'sharpe_ratio': 8.035094536852718, 'total_fees': 2.3034353953650637, 'total_slippage_cost': 0.8179819288530956}, 'SOL': {'initial_cash': 1000.0, 'final_cash': 1013.1867730734821, 'total_pnl': 13.186773073482073, 'total_return_pct': 1.3186773073482072, 'total_trades': 9, 'daily_trades': 0.39344262295081966, 'winning_trades': 6, 'losing_trades': 3, 'win_rate_pct': 66.66666666666666, 'profit_factor': 1.4498443920086375, 'max_drawdown_pct': 3.0419300929113624, 'sharpe_ratio': 1.4849178916048338, 'total_fees': 1.1623565524325759, 'total_slippage_cost': 0.4847072791618647}, 'AVAX': {'initial_cash': 1000.0, 'final_cash': 989.7696780093161, 'total_pnl': -10.230321990683933, 'total_return_pct': -1.0230321990683933, 'total_trades': 1, 'daily_trades': 0.04371584699453552, 'winning_trades': 0, 'losing_trades': 1, 'win_rate_pct': 0.0, 'profit_factor': 0.0, 'max_drawdown_pct': 1.0230321990683933, 'sharpe_ratio': -4.088420504767545, 'total_fees': 0.13516800415176117, 'total_slippage_cost': 0.09515398653215043}, 'LINK': {'initial_cash': 1000.0, 'final_cash': 960.942473001316, 'total_pnl': -39.05752699868401, 'total_return_pct': -3.905752699868401, 'total_trades': 7, 'daily_trades': 0.30601092896174864, 'winning_trades': 2, 'losing_trades': 5, 'win_rate_pct': 28.57142857142857, 'profit_factor': 0.22986692387653626, 'max_drawdown_pct': 4.841468650786748, 'sharpe_ratio': -5.049930336604947, 'total_fees': 0.9756066682052736, 'total_slippage_cost': 0.627390175842851}}"
4h,1.9,60.0,10.56162592289006,3.00953866336503,40,1,"{'BTC': {'initial_cash': 1000.0, 'final_cash': 1041.9273097094988, 'total_pnl': 41.927309709498786, 'total_return_pct': 4.192730970949879, 'total_trades': 7, 'daily_trades': 0.30601092896174864, 'winning_trades': 5, 'losing_trades': 2, 'win_rate_pct': 71.42857142857143, 'profit_factor': 3.0074546491860215, 'max_drawdown_pct': 1.7196561604044178, 'sharpe_ratio': 4.816040616154345, 'total_fees': 1.2754635230930658, 'total_slippage_cost': 0.528926935349199}, 'ETH': {'initial_cash': 1000.0, 'final_cash': 970.7420947573252, 'total_pnl': -29.257905242674838, 'total_return_pct': -2.9257905242674838, 'total_trades': 7, 'daily_trades': 0.30601092896174864, 'winning_trades': 2, 'losing_trades': 5, 'win_rate_pct': 28.57142857142857, 'profit_factor': 0.44143819391454864, 'max_drawdown_pct': 4.491106418441764, 'sharpe_ratio': -4.158462337470612, 'total_fees': 1.618083847334375, 'total_slippage_cost': 1.0340523114610538}, 'BNB': {'initial_cash': 1000.0, 'final_cash': 1103.8280358675918, 'total_pnl': 103.82803586759178, 'total_return_pct': 10.382803586759177, 'total_trades': 11, 'daily_trades': 0.4808743169398907, 'winning_trades': 9, 'losing_trades': 2, 'win_rate_pct': 81.81818181818183, 'profit_factor': 5.712502909396965, 'max_drawdown_pct': 1.2896516349124627, 'sharpe_ratio': 9.10293885615151, 'total_fees': 2.12392681170906, 'total_slippage_cost': 0.6516511195929359}, 'SOL': {'initial_cash': 1000.0, 'final_cash': 1023.2350317009349, 'total_pnl': 23.235031700934883, 'total_return_pct': 2.3235031700934883, 'total_trades': 8, 'daily_trades': 0.34972677595628415, 'winning_trades': 6, 'losing_trades': 2, 'win_rate_pct': 75.0, 'profit_factor': 2.164118782798475, 'max_drawdown_pct': 2.0348476494799117, 'sharpe_ratio': 2.7505093290621674, 'total_fees': 1.036829483647898, 'total_slippage_cost': 0.40835129280696075}, 'AVAX': {'initial_cash': 1000.0, 'final_cash': 989.7823264035626, 'total_pnl': -10.217673596437407, 'total_return_pct': -1.0217673596437409, 'total_trades': 1, 'daily_trades': 0.04371584699453552, 'winning_trades': 0, 'losing_trades': 1, 'win_rate_pct': 0.0, 'profit_factor': 0.0, 'max_drawdown_pct': 1.0217673596437409, 'sharpe_ratio': -4.226624657847351, 'total_fees': 0.12779087235430003, 'total_slippage_cost': 0.08988272408310669}, 'LINK': {'initial_cash': 1000.0, 'final_cash': 960.9199607182929, 'total_pnl': -39.08003928170706, 'total_return_pct': -3.9080039281707055, 'total_trades': 7, 'daily_trades': 0.30601092896174864, 'winning_trades': 2, 'losing_trades': 5, 'win_rate_pct': 28.57142857142857, 'profit_factor': 0.2282881555308785, 'max_drawdown_pct': 4.819716738773323, 'sharpe_ratio': -5.170018810996413, 'total_fees': 0.9245168525743751, 'total_slippage_cost': 0.594626527484368}}"
4h,2.0,60.0,11.457035830806694,3.0092494616272827,39,1,"{'BTC': {'initial_cash': 1000.0, 'final_cash': 1053.0651850241445, 'total_pnl': 53.06518502414451, 'total_return_pct': 5.306518502414451, 'total_trades': 6, 'daily_trades': 0.26229508196721313, 'winning_trades': 5, 'losing_trades': 1, 'win_rate_pct': 83.33333333333334, 'profit_factor': 6.229330965362458, 'max_drawdown_pct': 1.6836330248506555, 'sharpe_ratio': 6.211637270687939, 'total_fees': 0.9178167844909682, 'total_slippage_cost': 0.24626838226160297}, 'ETH': {'initial_cash': 1000.0, 'final_cash': 970.8259059375807, 'total_pnl': -29.17409406241927, 'total_return_pct': -2.9174094062419273, 'total_trades': 7, 'daily_trades': 0.30601092896174864, 'winning_trades': 2, 'losing_trades': 5, 'win_rate_pct': 28.57142857142857, 'profit_factor': 0.4416358597832518, 'max_drawdown_pct': 4.463829668492059, 'sharpe_ratio': -4.2706993089839, 'total_fees': 1.5386307867962172, 'total_slippage_cost': 0.9836428623321596}, 'BNB': {'initial_cash': 1000.0, 'final_cash': 1116.9724285963696, 'total_pnl': 116.97242859636958, 'total_return_pct': 11.697242859636958, 'total_trades': 11, 'daily_trades': 0.4808743169398907, 'winning_trades': 9, 'losing_trades': 2, 'win_rate_pct': 81.81818181818183, 'profit_factor': 6.311227223380265, 'max_drawdown_pct': 1.2858991453635296, 'sharpe_ratio': 9.097213560322782, 'total_fees': 1.9743098759954267, 'total_slippage_cost': 0.5473464130080952}, 'SOL': {'initial_cash': 1000.0, 'final_cash': 1022.9197763418747, 'total_pnl': 22.919776341874694, 'total_return_pct': 2.2919776341874694, 'total_trades': 8, 'daily_trades': 0.34972677595628415, 'winning_trades': 6, 'losing_trades': 2, 'win_rate_pct': 75.0, 'profit_factor': 2.148777590090685, 'max_drawdown_pct': 2.0325065455834195, 'sharpe_ratio': 2.823287237002813, 'total_fees': 0.9845333012321797, 'total_slippage_cost': 0.38744174784227636}, 'AVAX': {'initial_cash': 1000.0, 'final_cash': 989.7937099583845, 'total_pnl': -10.206290041615489, 'total_return_pct': -1.020629004161549, 'total_trades': 1, 'daily_trades': 0.04371584699453552, 'winning_trades': 0, 'losing_trades': 1, 'win_rate_pct': 0.0, 'profit_factor': 0.0, 'max_drawdown_pct': 1.020629004161549, 'sharpe_ratio': -4.343013901549948, 'total_fees': 0.12115145373658504, 'total_slippage_cost': 0.0851385878789302}, 'LINK': {'initial_cash': 1000.0, 'final_cash': 945.2595603927771, 'total_pnl': -54.740439607222925, 'total_return_pct': -5.474043960722293, 'total_trades': 7, 'daily_trades': 0.30601092896174864, 'winning_trades': 1, 'losing_trades': 6, 'win_rate_pct': 14.285714285714285, 'profit_factor': 0.09126803402044541, 'max_drawdown_pct': 6.349656795081993, 'sharpe_ratio': -7.027991303970389, 'total_fees': 0.9171760002276412, 'total_slippage_cost': 0.6256532050776915}}"
4h,2.1,60.0,9.232872876863848,3.006648834907667,37,3,"{'BTC': {'initial_cash': 1000.0, 'final_cash': 1040.6845206203502, 'total_pnl': 40.68452062035021, 'total_return_pct': 4.068452062035021, 'total_trades': 6, 'daily_trades': 0.26229508196721313, 'winning_trades': 5, 'losing_trades': 1, 'win_rate_pct': 83.33333333333334, 'profit_factor': 5.0203920606584935, 'max_drawdown_pct': 1.651039787924094, 'sharpe_ratio': 4.770338005830203, 'total_fees': 0.9119719891307974, 'total_slippage_cost': 0.3050057910678752}, 'ETH': {'initial_cash': 1000.0, 'final_cash': 970.9017383486328, 'total_pnl': -29.09826165136724, 'total_return_pct': -2.9098261651367237, 'total_trades': 7, 'daily_trades': 0.30601092896174864, 'winning_trades': 2, 'losing_trades': 5, 'win_rate_pct': 28.57142857142857, 'profit_factor': 0.44181522319322025, 'max_drawdown_pct': 4.439144862110726, 'sharpe_ratio': -4.344460367212136, 'total_fees': 1.4667371279544352, 'total_slippage_cost': 0.9380297006034815}, 'BNB': {'initial_cash': 1000.0, 'final_cash': 1117.0215773742716, 'total_pnl': 117.0215773742716, 'total_return_pct': 11.70215773742716, 'total_trades': 11, 'daily_trades': 0.4808743169398907, 'winning_trades': 9, 'losing_trades': 2, 'win_rate_pct': 81.81818181818183, 'profit_factor': 6.32022349983647, 'max_drawdown_pct': 1.262038059168565, 'sharpe_ratio': 9.27372299281632, 'total_fees': 1.8800743357547494, 'total_slippage_cost': 0.5207846481489431}, 'SOL': {'initial_cash': 1000.0, 'final_cash': 1022.4767479422767, 'total_pnl': 22.47674794227669, 'total_return_pct': 2.247674794227669, 'total_trades': 8, 'daily_trades': 0.34972677595628415, 'winning_trades': 6, 'losing_trades': 2, 'win_rate_pct': 75.0, 'profit_factor': 2.1270719468968786, 'max_drawdown_pct': 2.1734135779810733, 'sharpe_ratio': 2.3159170626424013, 'total_fees': 0.9372374347586375, 'total_slippage_cost': 0.3685910766234785}, 'AVAX': {'initial_cash': 1000.0, 'final_cash': 989.8040093651281, 'total_pnl': -10.195990634871919, 'total_return_pct': -1.0195990634871919, 'total_trades': 1, 'daily_trades': 0.04371584699453552, 'winning_trades': 0, 'losing_trades': 1, 'win_rate_pct': 0.0, 'profit_factor': 0.0, 'max_drawdown_pct': 1.0195990634871919, 'sharpe_ratio': -4.438897229235292, 'total_fees': 0.11514436070150955, 'total_slippage_cost': 0.0808462741704249}, 'LINK': {'initial_cash': 1000.0, 'final_cash': 945.3027862228281, 'total_pnl': -54.697213777171896, 'total_return_pct': -5.46972137771719, 'total_trades': 7, 'daily_trades': 0.30601092896174864, 'winning_trades': 1, 'losing_trades': 6, 'win_rate_pct': 14.285714285714285, 'profit_factor': 0.09097348596346809, 'max_drawdown_pct': 6.326146549468479, 'sharpe_ratio': -7.160675467872578, 'total_fees': 0.8740254784683689, 'total_slippage_cost': 0.5963350267363582}}"
4h,2.15,60.0,9.229077876720385,2.999900555564158,37,3,"{'BTC': {'initial_cash': 1000.0, 'final_cash': 1040.6780655972457, 'total_pnl': 40.67806559724568, 'total_return_pct': 4.067806559724567, 'total_trades': 6, 'daily_trades': 0.26229508196721313, 'winning_trades': 5, 'losing_trades': 1, 'win_rate_pct': 83.33333333333334, 'profit_factor': 5.020946269232562, 'max_drawdown_pct': 1.6358798592301924, 'sharpe_ratio': 4.822135875177738, 'total_fees': 0.8908333347097998, 'total_slippage_cost': 0.29779650403516006}, 'ETH': {'initial_cash': 1000.0, 'final_cash': 970.937010288784, 'total_pnl': -29.062989711216005, 'total_return_pct': -2.9062989711216005, 'total_trades': 7, 'daily_trades': 0.30601092896174864, 'winning_trades': 2, 'losing_trades': 5, 'win_rate_pct': 28.57142857142857, 'profit_factor': 0.4418988179707198, 'max_drawdown_pct': 4.427661665383987, 'sharpe_ratio': -3.9046493624446237, 'total_fees': 1.433295770762173, 'total_slippage_cost': 0.9168127834263144}, 'BNB': {'initial_cash': 1000.0, 'final_cash': 1117.1147698348664, 'total_pnl': 117.11476983486637, 'total_return_pct': 11.711476983486637, 'total_trades': 11, 'daily_trades': 0.4808743169398907, 'winning_trades': 9, 'losing_trades': 2, 'win_rate_pct': 81.81818181818183, 'profit_factor': 6.327422163703139, 'max_drawdown_pct': 1.2559354732051486, 'sharpe_ratio': 9.36793061192275, 'total_fees': 1.8363609535409033, 'total_slippage_cost': 0.5084841867341405}, 'SOL': {'initial_cash': 1000.0, 'final_cash': 1022.3577557669403, 'total_pnl': 22.357755766940272, 'total_return_pct': 2.235775576694027, 'total_trades': 8, 'daily_trades': 0.34972677595628415, 'winning_trades': 6, 'losing_trades': 2, 'win_rate_pct': 75.0, 'profit_factor': 2.121269034847226, 'max_drawdown_pct': 2.1691083582325605, 'sharpe_ratio': 2.34639340492491, 'total_fees': 0.9152318700433596, 'total_slippage_cost': 0.3597860774340028}, 'AVAX': {'initial_cash': 1000.0, 'final_cash': 989.8087997868694, 'total_pnl': -10.191200213130628, 'total_return_pct': -1.019120021313063, 'total_trades': 1, 'daily_trades': 0.04371584699453552, 'winning_trades': 0, 'losing_trades': 1, 'win_rate_pct': 0.0, 'profit_factor': 0.0, 'max_drawdown_pct': 1.019120021313063, 'sharpe_ratio': -4.479680800422574, 'total_fees': 0.11235036394100933, 'total_slippage_cost': 0.07884984918970751}, 'LINK': {'initial_cash': 1000.0, 'final_cash': 945.3228915466191, 'total_pnl': -54.677108453380924, 'total_return_pct': -5.467710845338092, 'total_trades': 7, 'daily_trades': 0.30601092896174864, 'winning_trades': 1, 'losing_trades': 6, 'win_rate_pct': 14.285714285714285, 'profit_factor': 0.09083630979469913, 'max_drawdown_pct': 6.315208233605518, 'sharpe_ratio': -7.220780053829264, 'total_fees': 0.8539553043491128, 'total_slippage_cost': 0.5826985476005303}}"
4h,2.2,60.0,7.606324794652665,3.049802763526043,37,3,"{'BTC': {'initial_cash': 1000.0, 'final_cash': 1040.671903823032, 'total_pnl': 40.671903823031926, 'total_return_pct': 4.067190382303192, 'total_trades': 6, 'daily_trades': 0.26229508196721313, 'winning_trades': 5, 'losing_trades': 1, 'win_rate_pct': 83.33333333333334, 'profit_factor': 5.0214757929701435, 'max_drawdown_pct': 1.6214088502247708, 'sharpe_ratio': 4.876457109180401, 'total_fees': 0.8706556248751827, 'total_slippage_cost': 0.2909149051934543}, 'ETH': {'initial_cash': 1000.0, 'final_cash': 970.9706795815765, 'total_pnl': -29.02932041842348, 'total_return_pct': -2.902932041842348, 'total_trades': 7, 'daily_trades': 0.30601092896174864, 'winning_trades': 2, 'losing_trades': 5, 'win_rate_pct': 28.57142857142857, 'profit_factor': 0.44197871394173144, 'max_drawdown_pct': 4.416699311698786, 'sharpe_ratio': -3.623524118334509, 'total_fees': 1.401373026393084, 'total_slippage_cost': 0.8965593871785904}, 'BNB': {'initial_cash': 1000.0, 'final_cash': 1117.1295192172445, 'total_pnl': 117.12951921724448, 'total_return_pct': 11.712951921724448, 'total_trades': 11, 'daily_trades': 0.4808743169398907, 'winning_trades': 9, 'losing_trades': 2, 'win_rate_pct': 81.81818181818183, 'profit_factor': 6.331131505830016, 'max_drawdown_pct': 1.2501096316927045, 'sharpe_ratio': 9.732773981873818, 'total_fees': 1.794507706399812, 'total_slippage_cost': 0.49668513434441075}, 'SOL': {'initial_cash': 1000.0, 'final_cash': 1022.2594519025831, 'total_pnl': 22.259451902583123, 'total_return_pct': 2.225945190258312, 'total_trades': 8, 'daily_trades': 0.34972677595628415, 'winning_trades': 6, 'losing_trades': 2, 'win_rate_pct': 75.0, 'profit_factor': 2.116481422226353, 'max_drawdown_pct': 2.164998553152976, 'sharpe_ratio': 2.396879443968866, 'total_fees': 0.8942268828787998, 'total_slippage_cost': 0.35137557091757554}, 'AVAX': {'initial_cash': 1000.0, 'final_cash': 989.8133724621678, 'total_pnl': -10.186627537832237, 'total_return_pct': -1.0186627537832238, 'total_trades': 1, 'daily_trades': 0.04371584699453552, 'winning_trades': 0, 'losing_trades': 1, 'win_rate_pct': 0.0, 'profit_factor': 0.0, 'max_drawdown_pct': 1.0186627537832238, 'sharpe_ratio': -4.516012555462922, 'total_fees': 0.10968336703325914, 'total_slippage_cost': 0.07694417079902273}, 'LINK': {'initial_cash': 1000.0, 'final_cash': 930.6558124606353, 'total_pnl': -69.34418753936473, 'total_return_pct': -6.934418753936472, 'total_trades': 7, 'daily_trades': 0.30601092896174864, 'winning_trades': 0, 'losing_trades': 7, 'win_rate_pct': 0.0, 'profit_factor': 0.0, 'max_drawdown_pct': 7.67221286070047, 'sharpe_ratio': -8.733893419420308, 'total_fees': 0.8474445269427144, 'total_slippage_cost': 0.6066344759460905}}"
4h,2.3,60.0,3.869785514816067,3.653995063007351,36,3,"{'BTC': {'initial_cash': 1000.0, 'final_cash': 1040.6603835618084, 'total_pnl': 40.66038356180843, 'total_return_pct': 4.066038356180843, 'total_trades': 6, 'daily_trades': 0.26229508196721313, 'winning_trades': 5, 'losing_trades': 1, 'win_rate_pct': 83.33333333333334, 'profit_factor': 5.022467101567962, 'max_drawdown_pct': 1.594353915015222, 'sharpe_ratio': 5.0214101588089575, 'total_fees': 0.8329323336611992, 'total_slippage_cost': 0.27804928987546085}, 'ETH': {'initial_cash': 1000.0, 'final_cash': 971.0336281515955, 'total_pnl': -28.966371848404492, 'total_return_pct': -2.8966371848404493, 'total_trades': 7, 'daily_trades': 0.30601092896174864, 'winning_trades': 2, 'losing_trades': 5, 'win_rate_pct': 28.57142857142857, 'profit_factor': 0.4421283499114293, 'max_drawdown_pct': 4.396201540517806, 'sharpe_ratio': -3.687109587722469, 'total_fees': 1.3416875776140602, 'total_slippage_cost': 0.8586920247631902}, 'BNB': {'initial_cash': 1000.0, 'final_cash': 1098.0669335902037, 'total_pnl': 98.06693359020369, 'total_return_pct': 9.806693359020368, 'total_trades': 10, 'daily_trades': 0.4371584699453552, 'winning_trades': 8, 'losing_trades': 2, 'win_rate_pct': 80.0, 'profit_factor': 5.510857920503242, 'max_drawdown_pct': 1.23921614860699, 'sharpe_ratio': 9.048978506911048, 'total_fees': 1.5809169499044118, 'total_slippage_cost': 0.46913949332685045}, 'SOL': {'initial_cash': 1000.0, 'final_cash': 1005.8817309119978, 'total_pnl': 5.881730911997806, 'total_return_pct': 0.5881730911997807, 'total_trades': 8, 'daily_trades': 0.34972677595628415, 'winning_trades': 5, 'losing_trades': 3, 'win_rate_pct': 62.5, 'profit_factor': 1.204361713999538, 'max_drawdown_pct': 3.4730036242334963, 'sharpe_ratio': 0.6471922507399279, 'total_fees': 0.8791405874745025, 'total_slippage_cost': 0.3811657625423209}, 'AVAX': {'initial_cash': 1000.0, 'final_cash': 989.821921376856, 'total_pnl': -10.17807862314396, 'total_return_pct': -1.017807862314396, 'total_trades': 1, 'daily_trades': 0.04371584699453552, 'winning_trades': 0, 'losing_trades': 1, 'win_rate_pct': 0.0, 'profit_factor': 0.0, 'max_drawdown_pct': 1.017807862314396, 'sharpe_ratio': -4.576339686750047, 'total_fees': 0.10469724237963918, 'total_slippage_cost': 0.07338138076429648}, 'LINK': {'initial_cash': 1000.0, 'final_cash': 930.7166495157053, 'total_pnl': -69.28335048429471, 'total_return_pct': -6.928335048429471, 'total_trades': 7, 'daily_trades': 0.30601092896174864, 'winning_trades': 0, 'losing_trades': 7, 'win_rate_pct': 0.0, 'profit_factor': 0.0, 'max_drawdown_pct': 7.634340630495852, 'sharpe_ratio': -8.899614790071404, 'total_fees': 0.8108284401728952, 'total_slippage_cost': 0.580481366561598}}"
4h,2.4,60.0,5.193022557090035,4.114452350232302,35,3,"{'BTC': {'initial_cash': 1000.0, 'final_cash': 1040.649822838764, 'total_pnl': 40.64982283876407, 'total_return_pct': 4.0649822838764065, 'total_trades': 6, 'daily_trades': 0.26229508196721313, 'winning_trades': 5, 'losing_trades': 1, 'win_rate_pct': 83.33333333333334, 'profit_factor': 5.023377326227964, 'max_drawdown_pct': 1.5695530539536662, 'sharpe_ratio': 5.156417767749432, 'total_fees': 0.7983529399636474, 'total_slippage_cost': 0.26625578915828263}, 'ETH': {'initial_cash': 1000.0, 'final_cash': 971.0913328747256, 'total_pnl': -28.908667125274405, 'total_return_pct': -2.8908667125274405, 'total_trades': 7, 'daily_trades': 0.30601092896174864, 'winning_trades': 2, 'losing_trades': 5, 'win_rate_pct': 28.57142857142857, 'profit_factor': 0.442265820817171, 'max_drawdown_pct': 4.377408555569946, 'sharpe_ratio': -3.6311377920597594, 'total_fees': 1.2869715705073743, 'total_slippage_cost': 0.8239776232356506}, 'BNB': {'initial_cash': 1000.0, 'final_cash': 1085.1943182950765, 'total_pnl': 85.19431829507653, 'total_return_pct': 8.519431829507653, 'total_trades': 10, 'daily_trades': 0.4371584699453552, 'winning_trades': 8, 'losing_trades': 2, 'win_rate_pct': 80.0, 'profit_factor': 4.972579355760614, 'max_drawdown_pct': 1.8941343871332628, 'sharpe_ratio': 7.957070344566757, 'total_fees': 1.5357240891006176, 'total_slippage_cost': 0.508969163294402}, 'SOL': {'initial_cash': 1000.0, 'final_cash': 1005.752015027574, 'total_pnl': 5.752015027573975, 'total_return_pct': 0.5752015027573976, 'total_trades': 8, 'daily_trades': 0.34972677595628415, 'winning_trades': 5, 'losing_trades': 3, 'win_rate_pct': 62.5, 'profit_factor': 1.1997974905013307, 'max_drawdown_pct': 3.4318546788507693, 'sharpe_ratio': 0.6495706098419998, 'total_fees': 0.8423934351159775, 'total_slippage_cost': 0.36506309157458217}, 'AVAX': {'initial_cash': 1000.0, 'final_cash': 1005.5495600030273, 'total_pnl': 5.549560003027295, 'total_return_pct': 0.5549560003027296, 'total_trades': 1, 'daily_trades': 0.04371584699453552, 'winning_trades': 1, 'losing_trades': 0, 'win_rate_pct': 100.0, 'profit_factor': 99.0, 'max_drawdown_pct': 0.7257822958282304, 'sharpe_ratio': 1.8117215654516658, 'total_fees': 0.08394379078594053, 'total_slippage_cost': 0.03789344356825091}, 'LINK': {'initial_cash': 1000.0, 'final_cash': 940.2766954557025, 'total_pnl': -59.72330454429755, 'total_return_pct': -5.972330454429755, 'total_trades': 6, 'daily_trades': 0.26229508196721313, 'winning_trades': 0, 'losing_trades': 6, 'win_rate_pct': 0.0, 'profit_factor': 0.0, 'max_drawdown_pct': 6.656084968294238, 'sharpe_ratio': -8.379657773047663, 'total_fees': 0.7172735989838432, 'total_slippage_cost': 0.514986039003071}}"
4h,2.5,60.0,3.630732333810374,5.253500066509371,35,3,"{'BTC': {'initial_cash': 1000.0, 'final_cash': 1040.6401065650357, 'total_pnl': 40.640106565035694, 'total_return_pct': 4.064010656503569, 'total_trades': 6, 'daily_trades': 0.26229508196721313, 'winning_trades': 5, 'losing_trades': 1, 'win_rate_pct': 83.33333333333334, 'profit_factor': 5.024216024514182, 'max_drawdown_pct': 1.546735836178516, 'sharpe_ratio': 5.289750223727626, 'total_fees': 0.7665401426968539, 'total_slippage_cost': 0.2554057515985911}, 'ETH': {'initial_cash': 1000.0, 'final_cash': 971.976061962452, 'total_pnl': -28.023938037547964, 'total_return_pct': -2.8023938037547964, 'total_trades': 7, 'daily_trades': 0.30601092896174864, 'winning_trades': 2, 'losing_trades': 5, 'win_rate_pct': 28.57142857142857, 'profit_factor': 0.45867444699468723, 'max_drawdown_pct': 4.360116169201969, 'sharpe_ratio': -3.425517161131676, 'total_fees': 1.2830001082121738, 'total_slippage_cost': 0.7119471282726255}, 'BNB': {'initial_cash': 1000.0, 'final_cash': 1085.1882572436223, 'total_pnl': 85.18825724362227, 'total_return_pct': 8.518825724362229, 'total_trades': 10, 'daily_trades': 0.4371584699453552, 'winning_trades': 8, 'losing_trades': 2, 'win_rate_pct': 80.0, 'profit_factor': 4.975757185756731, 'max_drawdown_pct': 1.858648367449909, 'sharpe_ratio': 7.966761256353395, 'total_fees': 1.4741093573053106, 'total_slippage_cost': 0.488181278713648}, 'SOL': {'initial_cash': 1000.0, 'final_cash': 990.0050783473737, 'total_pnl': -9.994921652626317, 'total_return_pct': -0.9994921652626318, 'total_trades': 8, 'daily_trades': 0.34972677595628415, 'winning_trades': 4, 'losing_trades': 4, 'win_rate_pct': 50.0, 'profit_factor': 0.7577093055112831, 'max_drawdown_pct': 3.6311950622997884, 'sharpe_ratio': -0.9641880287208067, 'total_fees': 0.8374013381965886, 'total_slippage_cost': 0.4005960369570689}, 'AVAX': {'initial_cash': 1000.0, 'final_cash': 1005.5417400945329, 'total_pnl': 5.541740094532884, 'total_return_pct': 0.5541740094532884, 'total_trades': 1, 'daily_trades': 0.04371584699453552, 'winning_trades': 1, 'losing_trades': 0, 'win_rate_pct': 100.0, 'profit_factor': 99.0, 'max_drawdown_pct': 0.696751003995098, 'sharpe_ratio': 1.8393371150644617, 'total_fees': 0.0806331439527154, 'total_slippage_cost': 0.036384814177901854}, 'LINK': {'initial_cash': 1000.0, 'final_cash': 940.3240486438302, 'total_pnl': -59.675951356169776, 'total_return_pct': -5.967595135616978, 'total_trades': 6, 'daily_trades': 0.26229508196721313, 'winning_trades': 0, 'losing_trades': 6, 'win_rate_pct': 0.0, 'profit_factor': 0.0, 'max_drawdown_pct': 6.624223522004187, 'sharpe_ratio': -8.532226781551241, 'total_fees': 0.6889755376085251, 'total_slippage_cost': 0.49477490988596184}}"
4h,1.8,65.0,3.5221472366851683,4.475515230408598,28,0,"{'BTC': {'initial_cash': 1000.0, 'final_cash': 1029.5305327348756, 'total_pnl': 29.530532734875578, 'total_return_pct': 2.953053273487558, 'total_trades': 4, 'daily_trades': 0.17486338797814208, 'winning_trades': 3, 'losing_trades': 1, 'win_rate_pct': 75.0, 'profit_factor': 3.7685501492037226, 'max_drawdown_pct': 1.4353878244929061, 'sharpe_ratio': 5.12648117670866, 'total_fees': 0.9292825609839123, 'total_slippage_cost': 0.3858699614127143}, 'ETH': {'initial_cash': 1000.0, 'final_cash': 974.0952770231116, 'total_pnl': -25.904722976888365, 'total_return_pct': -2.590472297688837, 'total_trades': 4, 'daily_trades': 0.17486338797814208, 'winning_trades': 1, 'losing_trades': 3, 'win_rate_pct': 25.0, 'profit_factor': 0.1810451402978804, 'max_drawdown_pct': 2.6687634538024887, 'sharpe_ratio': -5.215244073415304, 'total_fees': 1.134753420928866, 'total_slippage_cost': 0.7790952976757983}, 'BNB': {'initial_cash': 1000.0, 'final_cash': 1053.6824349522067, 'total_pnl': 53.68243495220668, 'total_return_pct': 5.368243495220668, 'total_trades': 9, 'daily_trades': 0.39344262295081966, 'winning_trades': 7, 'losing_trades': 2, 'win_rate_pct': 77.77777777777779, 'profit_factor': 3.5271521067610223, 'max_drawdown_pct': 1.305753009433577, 'sharpe_ratio': 5.48141300417804, 'total_fees': 2.0222656625135813, 'total_slippage_cost': 0.7975029405656439}, 'SOL': {'initial_cash': 1000.0, 'final_cash': 1012.1239312063723, 'total_pnl': 12.123931206372276, 'total_return_pct': 1.2123931206372276, 'total_trades': 6, 'daily_trades': 0.26229508196721313, 'winning_trades': 4, 'losing_trades': 2, 'win_rate_pct': 66.66666666666666, 'profit_factor': 1.6143790523349553, 'max_drawdown_pct': 2.27326820825654, 'sharpe_ratio': 1.8709966529015232, 'total_fees': 0.7654518676098521, 'total_slippage_cost': 0.2623969233593057}, 'AVAX': {'initial_cash': 1000.0, 'final_cash': 989.7696780093161, 'total_pnl': -10.230321990683933, 'total_return_pct': -1.0230321990683933, 'total_trades': 1, 'daily_trades': 0.04371584699453552, 'winning_trades': 0, 'losing_trades': 1, 'win_rate_pct': 0.0, 'profit_factor': 0.0, 'max_drawdown_pct': 1.0230321990683933, 'sharpe_ratio': -4.088420504767545, 'total_fees': 0.13516800415176117, 'total_slippage_cost': 0.09515398653215043}, 'LINK': {'initial_cash': 1000.0, 'final_cash': 975.2414797238436, 'total_pnl': -24.758520276156446, 'total_return_pct': -2.4758520276156446, 'total_trades': 4, 'daily_trades': 0.17486338797814208, 'winning_trades': 1, 'losing_trades': 3, 'win_rate_pct': 25.0, 'profit_factor': 0.18795450963909238, 'max_drawdown_pct': 3.4254916098110733, 'sharpe_ratio': -4.397156475330406, 'total_fees': 0.4537616929642119, 'total_slippage_cost': 0.28983194264278517}}"
4h,1.9,65.0,7.076177553547428,3.5194585018200173,27,0,"{'BTC': {'initial_cash': 1000.0, 'final_cash': 1029.338886443576, 'total_pnl': 29.33888644357603, 'total_return_pct': 2.933888644357603, 'total_trades': 4, 'daily_trades': 0.17486338797814208, 'winning_trades': 3, 'losing_trades': 1, 'win_rate_pct': 75.0, 'profit_factor': 3.757433196609603, 'max_drawdown_pct': 1.4125012723213897, 'sharpe_ratio': 4.281479230497473, 'total_fees': 0.8802726526563883, 'total_slippage_cost': 0.36512281274760355}, 'ETH': {'initial_cash': 1000.0, 'final_cash': 985.5532596791488, 'total_pnl': -14.446740320851177, 'total_return_pct': -1.4446740320851177, 'total_trades': 4, 'daily_trades': 0.17486338797814208, 'winning_trades': 1, 'losing_trades': 3, 'win_rate_pct': 25.0, 'profit_factor': 0.5498729972018815, 'max_drawdown_pct': 2.0880278053638732, 'sharpe_ratio': -2.756351463810212, 'total_fees': 1.0499588000456066, 'total_slippage_cost': 0.6854504788566513}, 'BNB': {'initial_cash': 1000.0, 'final_cash': 1066.4072810785412, 'total_pnl': 66.40728107854125, 'total_return_pct': 6.640728107854124, 'total_trades': 9, 'daily_trades': 0.39344262295081966, 'winning_trades': 7, 'losing_trades': 2, 'win_rate_pct': 77.77777777777779, 'profit_factor': 4.102790343030081, 'max_drawdown_pct': 1.2896516349124756, 'sharpe_ratio': 6.6530758160379975, 'total_fees': 1.8566221182933558, 'total_slippage_cost': 0.6342871497324727}, 'SOL': {'initial_cash': 1000.0, 'final_cash': 1022.2215914461311, 'total_pnl': 22.22159144613113, 'total_return_pct': 2.2221591446131126, 'total_trades': 5, 'daily_trades': 0.2185792349726776, 'winning_trades': 4, 'losing_trades': 1, 'win_rate_pct': 80.0, 'profit_factor': 3.2132606170481557, 'max_drawdown_pct': 1.2470458913193738, 'sharpe_ratio': 3.7631926478909583, 'total_fees': 0.657253009031311, 'total_slippage_cost': 0.19585022982237527}, 'AVAX': {'initial_cash': 1000.0, 'final_cash': 989.7823264035626, 'total_pnl': -10.217673596437407, 'total_return_pct': -1.0217673596437409, 'total_trades': 1, 'daily_trades': 0.04371584699453552, 'winning_trades': 0, 'losing_trades': 1, 'win_rate_pct': 0.0, 'profit_factor': 0.0, 'max_drawdown_pct': 1.0217673596437409, 'sharpe_ratio': -4.226624657847351, 'total_fees': 0.12779087235430003, 'total_slippage_cost': 0.08988272408310669}, 'LINK': {'initial_cash': 1000.0, 'final_cash': 975.2361334826389, 'total_pnl': -24.763866517361066, 'total_return_pct': -2.4763866517361066, 'total_trades': 4, 'daily_trades': 0.17486338797814208, 'winning_trades': 1, 'losing_trades': 3, 'win_rate_pct': 25.0, 'profit_factor': 0.18688925015468258, 'max_drawdown_pct': 3.401682527153297, 'sharpe_ratio': -4.484615998135512, 'total_fees': 0.43019233840383375, 'total_slippage_cost': 0.2748395262567378}}"
4h,2.0,65.0,9.57958232069584,3.5176152166596397,26,0,"{'BTC': {'initial_cash': 1000.0, 'final_cash': 1040.3350098730284, 'total_pnl': 40.33500987302841, 'total_return_pct': 4.033500987302841, 'total_trades': 3, 'daily_trades': 0.13114754098360656, 'winning_trades': 3, 'losing_trades': 0, 'win_rate_pct': 100.0, 'profit_factor': 99.0, 'max_drawdown_pct': 1.1466674577471963, 'sharpe_ratio': 5.977493615945145, 'total_fees': 0.5460568755980055, 'total_slippage_cost': 0.09399626596827826}, 'ETH': {'initial_cash': 1000.0, 'final_cash': 985.6378447454583, 'total_pnl': -14.362155254541676, 'total_return_pct': -1.4362155254541675, 'total_trades': 4, 'daily_trades': 0.17486338797814208, 'winning_trades': 1, 'losing_trades': 3, 'win_rate_pct': 25.0, 'profit_factor': 0.5511229801376052, 'max_drawdown_pct': 2.0832265302871344, 'sharpe_ratio': -2.780414732009409, 'total_fees': 0.9984146819202074, 'total_slippage_cost': 0.6519478213697458}, 'BNB': {'initial_cash': 1000.0, 'final_cash': 1079.0948210624115, 'total_pnl': 79.09482106241148, 'total_return_pct': 7.909482106241149, 'total_trades': 9, 'daily_trades': 0.39344262295081966, 'winning_trades': 7, 'losing_trades': 2, 'win_rate_pct': 77.77777777777779, 'profit_factor': 4.693678653825192, 'max_drawdown_pct': 2.1147782680753817, 'sharpe_ratio': 6.823321885599912, 'total_fees': 1.7218434536216853, 'total_slippage_cost': 0.5333931813445282}, 'SOL': {'initial_cash': 1000.0, 'final_cash': 1021.9605855329772, 'total_pnl': 21.960585532977234, 'total_return_pct': 2.1960585532977235, 'total_trades': 5, 'daily_trades': 0.2185792349726776, 'winning_trades': 4, 'losing_trades': 1, 'win_rate_pct': 80.0, 'profit_factor': 3.1880637084341554, 'max_drawdown_pct': 1.2346456725985149, 'sharpe_ratio': 3.9057176737417145, 'total_fees': 0.6242073329612299, 'total_slippage_cost': 0.1858173499180918}, 'AVAX': {'initial_cash': 1000.0, 'final_cash': 989.7937099583845, 'total_pnl': -10.206290041615489, 'total_return_pct': -1.020629004161549, 'total_trades': 1, 'daily_trades': 0.04371584699453552, 'winning_trades': 0, 'losing_trades': 1, 'win_rate_pct': 0.0, 'profit_factor': 0.0, 'max_drawdown_pct': 1.020629004161549, 'sharpe_ratio': -4.343013901549948, 'total_fees': 0.12115145373658504, 'total_slippage_cost': 0.0851385878789302}, 'LINK': {'initial_cash': 1000.0, 'final_cash': 975.0783712999843, 'total_pnl': -24.92162870001573, 'total_return_pct': -2.492162870001573, 'total_trades': 4, 'daily_trades': 0.17486338797814208, 'winning_trades': 1, 'losing_trades': 3, 'win_rate_pct': 25.0, 'profit_factor': 0.18074778031779798, 'max_drawdown_pct': 3.3953974652296277, 'sharpe_ratio': -4.5214660784569, 'total_fees': 0.40885687444954744, 'total_slippage_cost': 0.26123565949601524}}"
4h,2.1,65.0,7.664757845378062,3.515098751024216,25,1,"{'BTC': {'initial_cash': 1000.0, 'final_cash': 1040.3416581204785, 'total_pnl': 40.34165812047854, 'total_return_pct': 4.034165812047854, 'total_trades': 3, 'daily_trades': 0.13114754098360656, 'winning_trades': 3, 'losing_trades': 0, 'win_rate_pct': 100.0, 'profit_factor': 99.0, 'max_drawdown_pct': 1.0925854575282439, 'sharpe_ratio': 6.181882963026322, 'total_fees': 0.5204380580795246, 'total_slippage_cost': 0.08952025330312242}, 'ETH': {'initial_cash': 1000.0, 'final_cash': 985.7143784023965, 'total_pnl': -14.285621597603495, 'total_return_pct': -1.4285621597603495, 'total_trades': 4, 'daily_trades': 0.17486338797814208, 'winning_trades': 1, 'losing_trades': 3, 'win_rate_pct': 25.0, 'profit_factor': 0.5522585276089013, 'max_drawdown_pct': 2.078882420551796, 'sharpe_ratio': -2.8153443061709145, 'total_fees': 0.9517768918275353, 'total_slippage_cost': 0.6216341945279309}, 'BNB': {'initial_cash': 1000.0, 'final_cash': 1079.132127817524, 'total_pnl': 79.13212781752395, 'total_return_pct': 7.913212781752395, 'total_trades': 9, 'daily_trades': 0.39344262295081966, 'winning_trades': 7, 'losing_trades': 2, 'win_rate_pct': 77.77777777777779, 'profit_factor': 4.699806483315778, 'max_drawdown_pct': 2.0621875612303753, 'sharpe_ratio': 6.960331971553883, 'total_fees': 1.6396416549006005, 'total_slippage_cost': 0.5075056535287352}, 'SOL': {'initial_cash': 1000.0, 'final_cash': 1021.7448172859321, 'total_pnl': 21.744817285932072, 'total_return_pct': 2.174481728593207, 'total_trades': 5, 'daily_trades': 0.2185792349726776, 'winning_trades': 4, 'losing_trades': 1, 'win_rate_pct': 80.0, 'profit_factor': 3.167244838466149, 'max_drawdown_pct': 1.3676295157911047, 'sharpe_ratio': 3.2206160667532306, 'total_fees': 0.5943057722959478, 'total_slippage_cost': 0.17673009676248486}, 'AVAX': {'initial_cash': 1000.0, 'final_cash': 989.8040093651281, 'total_pnl': -10.195990634871919, 'total_return_pct': -1.0195990634871919, 'total_trades': 1, 'daily_trades': 0.04371584699453552, 'winning_trades': 0, 'losing_trades': 1, 'win_rate_pct': 0.0, 'profit_factor': 0.0, 'max_drawdown_pct': 1.0195990634871919, 'sharpe_ratio': -4.438897229235292, 'total_fees': 0.11514436070150955, 'total_slippage_cost': 0.0808462741704249}, 'LINK': {'initial_cash': 1000.0, 'final_cash': 975.0812958369484, 'total_pnl': -24.918704163051643, 'total_return_pct': -2.4918704163051646, 'total_trades': 4, 'daily_trades': 0.17486338797814208, 'winning_trades': 1, 'losing_trades': 3, 'win_rate_pct': 25.0, 'profit_factor': 0.18012124117921782, 'max_drawdown_pct': 3.3752743144311794, 'sharpe_ratio': -4.583559930693624, 'total_fees': 0.38967376499518525, 'total_slippage_cost': 0.2490351196228018}}"
4h,2.15,65.0,7.66381859742155,3.50781127665064,25,1,"{'BTC': {'initial_cash': 1000.0, 'final_cash': 1040.3447502714594, 'total_pnl': 40.34475027145936, 'total_return_pct': 4.034475027145936, 'total_trades': 3, 'daily_trades': 0.13114754098360656, 'winning_trades': 3, 'losing_trades': 0, 'win_rate_pct': 100.0, 'profit_factor': 99.0, 'max_drawdown_pct': 1.0674134458830924, 'sharpe_ratio': 6.224979746072943, 'total_fees': 0.5085223855046634, 'total_slippage_cost': 0.08743838694723598}, 'ETH': {'initial_cash': 1000.0, 'final_cash': 985.7499768476675, 'total_pnl': -14.25002315233246, 'total_return_pct': -1.425002315233246, 'total_trades': 4, 'daily_trades': 0.17486338797814208, 'winning_trades': 1, 'losing_trades': 3, 'win_rate_pct': 25.0, 'profit_factor': 0.5527881890336515, 'max_drawdown_pct': 2.0768618723663255, 'sharpe_ratio': -2.3396830808150537, 'total_fees': 0.9300840433012639, 'total_slippage_cost': 0.6075342833608468}, 'BNB': {'initial_cash': 1000.0, 'final_cash': 1079.2174261233424, 'total_pnl': 79.21742612334242, 'total_return_pct': 7.921742612334243, 'total_trades': 9, 'daily_trades': 0.39344262295081966, 'winning_trades': 7, 'losing_trades': 2, 'win_rate_pct': 77.77777777777779, 'profit_factor': 4.7056960869544096, 'max_drawdown_pct': 2.03770849862843, 'sharpe_ratio': 7.0366887232551045, 'total_fees': 1.601514678299068, 'total_slippage_cost': 0.49551771014036283}, 'SOL': {'initial_cash': 1000.0, 'final_cash': 1021.6444644724356, 'total_pnl': 21.64446447243563, 'total_return_pct': 2.164446447243563, 'total_trades': 5, 'daily_trades': 0.2185792349726776, 'winning_trades': 4, 'losing_trades': 1, 'win_rate_pct': 80.0, 'profit_factor': 3.157552201446631, 'max_drawdown_pct': 1.3590697734303192, 'sharpe_ratio': 3.2654264410302427, 'total_fees': 0.5803984635108684, 'total_slippage_cost': 0.17250349166116186}, 'AVAX': {'initial_cash': 1000.0, 'final_cash': 989.8087997868694, 'total_pnl': -10.191200213130628, 'total_return_pct': -1.019120021313063, 'total_trades': 1, 'daily_trades': 0.04371584699453552, 'winning_trades': 0, 'losing_trades': 1, 'win_rate_pct': 0.0, 'profit_factor': 0.0, 'max_drawdown_pct': 1.019120021313063, 'sharpe_ratio': -4.479680800422574, 'total_fees': 0.11235036394100933, 'total_slippage_cost': 0.07884984918970751}, 'LINK': {'initial_cash': 1000.0, 'final_cash': 975.0826558930833, 'total_pnl': -24.917344106916744, 'total_return_pct': -2.4917344106916746, 'total_trades': 4, 'daily_trades': 0.17486338797814208, 'winning_trades': 1, 'losing_trades': 3, 'win_rate_pct': 25.0, 'profit_factor': 0.17982955181446972, 'max_drawdown_pct': 3.3659119130075585, 'sharpe_ratio': -4.61125335702827, 'total_fees': 0.3807515031557374, 'total_slippage_cost': 0.24336053178385}}"
4h,2.2,65.0,6.033261539005958,3.4918712745161145,25,1,"{'BTC': {'initial_cash': 1000.0, 'final_cash': 1040.3477018362814, 'total_pnl': 40.34770183628143, 'total_return_pct': 4.034770183628143, 'total_trades': 3, 'daily_trades': 0.13114754098360656, 'winning_trades': 3, 'losing_trades': 0, 'win_rate_pct': 100.0, 'profit_factor': 99.0, 'max_drawdown_pct': 1.0433751870021284, 'sharpe_ratio': 6.276112027608592, 'total_fees': 0.49714836787713224, 'total_slippage_cost': 0.08545115088025347}, 'ETH': {'initial_cash': 1000.0, 'final_cash': 985.7839580083613, 'total_pnl': -14.21604199163869, 'total_return_pct': -1.421604199163869, 'total_trades': 4, 'daily_trades': 0.17486338797814208, 'winning_trades': 1, 'losing_trades': 3, 'win_rate_pct': 25.0, 'profit_factor': 0.5532946665462315, 'max_drawdown_pct': 2.6180599197187946, 'sharpe_ratio': -2.083396240201359, 'total_fees': 0.9093767280349457, 'total_slippage_cost': 0.5940749515739898}, 'BNB': {'initial_cash': 1000.0, 'final_cash': 1079.227157192972, 'total_pnl': 79.22715719297207, 'total_return_pct': 7.922715719297208, 'total_trades': 9, 'daily_trades': 0.39344262295081966, 'winning_trades': 7, 'losing_trades': 2, 'win_rate_pct': 77.77777777777779, 'profit_factor': 4.70812410764975, 'max_drawdown_pct': 2.014331289813435, 'sharpe_ratio': 7.316911818346772, 'total_fees': 1.56500590303129, 'total_slippage_cost': 0.4840183124375616}, 'SOL': {'initial_cash': 1000.0, 'final_cash': 1021.5486758221024, 'total_pnl': 21.548675822102382, 'total_return_pct': 2.154867582210238, 'total_trades': 5, 'daily_trades': 0.2185792349726776, 'winning_trades': 4, 'losing_trades': 1, 'win_rate_pct': 80.0, 'profit_factor': 3.148294539201381, 'max_drawdown_pct': 1.3508985322064282, 'sharpe_ratio': 3.3087400703879335, 'total_fees': 0.5671235383976829, 'total_slippage_cost': 0.16846901935088596}, 'AVAX': {'initial_cash': 1000.0, 'final_cash': 989.8133724621678, 'total_pnl': -10.186627537832237, 'total_return_pct': -1.0186627537832238, 'total_trades': 1, 'daily_trades': 0.04371584699453552, 'winning_trades': 0, 'losing_trades': 1, 'win_rate_pct': 0.0, 'profit_factor': 0.0, 'max_drawdown_pct': 1.0186627537832238, 'sharpe_ratio': -4.516012555462922, 'total_fees': 0.10968336703325914, 'total_slippage_cost': 0.07694417079902273}, 'LINK': {'initial_cash': 1000.0, 'final_cash': 959.9356313483365, 'total_pnl': -40.06436865166347, 'total_return_pct': -4.006436865166347, 'total_trades': 4, 'daily_trades': 0.17486338797814208, 'winning_trades': 0, 'losing_trades': 4, 'win_rate_pct': 0.0, 'profit_factor': 0.0, 'max_drawdown_pct': 4.767443074120247, 'sharpe_ratio': -6.660414365705252, 'total_fees': 0.3920681740382561, 'total_slippage_cost': 0.2800502474293633}}"
4h,2.3,65.0,4.091780070647905,3.490967849079426,24,1,"{'BTC': {'initial_cash': 1000.0, 'final_cash': 1040.3532198905439, 'total_pnl': 40.35321989054387, 'total_return_pct': 4.035321989054387, 'total_trades': 3, 'daily_trades': 0.13114754098360656, 'winning_trades': 3, 'losing_trades': 0, 'win_rate_pct': 100.0, 'profit_factor': 99.0, 'max_drawdown_pct': 0.9984067456493332, 'sharpe_ratio': 6.463942729851667, 'total_fees': 0.4758839878235365, 'total_slippage_cost': 0.08173588345067687}, 'ETH': {'initial_cash': 1000.0, 'final_cash': 985.8474901701268, 'total_pnl': -14.152509829873225, 'total_return_pct': -1.4152509829873225, 'total_trades': 4, 'daily_trades': 0.17486338797814208, 'winning_trades': 1, 'losing_trades': 3, 'win_rate_pct': 25.0, 'profit_factor': 0.5542439032253862, 'max_drawdown_pct': 2.590984230369863, 'sharpe_ratio': -2.138060751860998, 'total_fees': 0.8706617277150818, 'total_slippage_cost': 0.5689109997248709}, 'BNB': {'initial_cash': 1000.0, 'final_cash': 1060.803031262729, 'total_pnl': 60.803031262729064, 'total_return_pct': 6.080303126272906, 'total_trades': 8, 'daily_trades': 0.34972677595628415, 'winning_trades': 6, 'losing_trades': 2, 'win_rate_pct': 75.0, 'profit_factor': 3.8777370026752878, 'max_drawdown_pct': 1.9705976707865183, 'sharpe_ratio': 6.333277971290562, 'total_fees': 1.3659981715330598, 'total_slippage_cost': 0.45719495769775176}, 'SOL': {'initial_cash': 1000.0, 'final_cash': 1021.3443598495238, 'total_pnl': 21.344359849523812, 'total_return_pct': 2.1344359849523813, 'total_trades': 5, 'daily_trades': 0.2185792349726776, 'winning_trades': 4, 'losing_trades': 1, 'win_rate_pct': 80.0, 'profit_factor': 3.1284775545881183, 'max_drawdown_pct': 1.3356203490965082, 'sharpe_ratio': 3.386432055011279, 'total_fees': 0.5423123594192738, 'total_slippage_cost': 0.16093870022832346}, 'AVAX': {'initial_cash': 1000.0, 'final_cash': 989.821921376856, 'total_pnl': -10.17807862314396, 'total_return_pct': -1.017807862314396, 'total_trades': 1, 'daily_trades': 0.04371584699453552, 'winning_trades': 0, 'losing_trades': 1, 'win_rate_pct': 0.0, 'profit_factor': 0.0, 'max_drawdown_pct': 1.017807862314396, 'sharpe_ratio': -4.576339686750047, 'total_fees': 0.10469724237963918, 'total_slippage_cost': 0.07338138076429648}, 'LINK': {'initial_cash': 1000.0, 'final_cash': 959.9643360985178, 'total_pnl': -40.03566390148217, 'total_return_pct': -4.003566390148217, 'total_trades': 4, 'daily_trades': 0.17486338797814208, 'winning_trades': 0, 'losing_trades': 4, 'win_rate_pct': 0.0, 'profit_factor': 0.0, 'max_drawdown_pct': 4.731758133814627, 'sharpe_ratio': -6.759519597736501, 'total_fees': 0.37502619923948194, 'total_slippage_cost': 0.2678770235856549}}"
4h,2.4,65.0,5.495403610278913,3.4846458313004653,23,1,"{'BTC': {'initial_cash': 1000.0, 'final_cash': 1040.3582780054567, 'total_pnl': 40.35827800545667, 'total_return_pct': 4.0358278005456665, 'total_trades': 3, 'daily_trades': 0.13114754098360656, 'winning_trades': 3, 'losing_trades': 0, 'win_rate_pct': 100.0, 'profit_factor': 99.0, 'max_drawdown_pct': 0.9571543385344954, 'sharpe_ratio': 6.6368210952581945, 'total_fees': 0.456391739813048, 'total_slippage_cost': 0.07833022164023219}, 'ETH': {'initial_cash': 1000.0, 'final_cash': 985.9057304641394, 'total_pnl': -14.094269535860576, 'total_return_pct': -1.4094269535860575, 'total_trades': 4, 'daily_trades': 0.17486338797814208, 'winning_trades': 1, 'losing_trades': 3, 'win_rate_pct': 25.0, 'profit_factor': 0.555116730521569, 'max_drawdown_pct': 2.566153315140302, 'sharpe_ratio': -2.1896574897793224, 'total_fees': 0.8351714618951513, 'total_slippage_cost': 0.5458430670998538}, 'BNB': {'initial_cash': 1000.0, 'final_cash': 1048.3597386820213, 'total_pnl': 48.359738682021316, 'total_return_pct': 4.835973868202132, 'total_trades': 8, 'daily_trades': 0.34972677595628415, 'winning_trades': 6, 'losing_trades': 2, 'win_rate_pct': 75.0, 'profit_factor': 3.3228027976093055, 'max_drawdown_pct': 1.9304759744521567, 'sharpe_ratio': 5.078312611212723, 'total_fees': 1.3308816033632804, 'total_slippage_cost': 0.49654997279576163}, 'SOL': {'initial_cash': 1000.0, 'final_cash': 1021.2066415655901, 'total_pnl': 21.206641565590076, 'total_return_pct': 2.1206641565590076, 'total_trades': 5, 'daily_trades': 0.2185792349726776, 'winning_trades': 4, 'losing_trades': 1, 'win_rate_pct': 80.0, 'profit_factor': 3.115193630122445, 'max_drawdown_pct': 1.3216136137743317, 'sharpe_ratio': 3.430862982767934, 'total_fees': 0.5195566085888096, 'total_slippage_cost': 0.15401169458465847}, 'AVAX': {'initial_cash': 1000.0, 'final_cash': 1005.5495600030273, 'total_pnl': 5.549560003027295, 'total_return_pct': 0.5549560003027296, 'total_trades': 1, 'daily_trades': 0.04371584699453552, 'winning_trades': 1, 'losing_trades': 0, 'win_rate_pct': 100.0, 'profit_factor': 99.0, 'max_drawdown_pct': 0.7257822958282304, 'sharpe_ratio': 1.8117215654516658, 'total_fees': 0.08394379078594053, 'total_slippage_cost': 0.03789344356825091}, 'LINK': {'initial_cash': 1000.0, 'final_cash': 969.793277341211, 'total_pnl': -30.206722658788976, 'total_return_pct': -3.020672265878898, 'total_trades': 3, 'daily_trades': 0.13114754098360656, 'winning_trades': 0, 'losing_trades': 3, 'win_rate_pct': 0.0, 'profit_factor': 0.0, 'max_drawdown_pct': 3.7258907766664198, 'sharpe_ratio': -5.963535770706914, 'total_fees': 0.2975326076554206, 'total_slippage_cost': 0.21389423030252241}}"
4h,2.5,65.0,5.480105013287243,3.4838552823787365,23,1,"{'BTC': {'initial_cash': 1000.0, 'final_cash': 1040.3629313854321, 'total_pnl': 40.36293138543215, 'total_return_pct': 4.036293138543215, 'total_trades': 3, 'daily_trades': 0.13114754098360656, 'winning_trades': 3, 'losing_trades': 0, 'win_rate_pct': 100.0, 'profit_factor': 99.0, 'max_drawdown_pct': 0.9191756223770232, 'sharpe_ratio': 6.812750655112287, 'total_fees': 0.4384589564388318, 'total_slippage_cost': 0.07519701277462261}, 'ETH': {'initial_cash': 1000.0, 'final_cash': 985.9593136289909, 'total_pnl': -14.040686371009087, 'total_return_pct': -1.4040686371009088, 'total_trades': 4, 'daily_trades': 0.17486338797814208, 'winning_trades': 1, 'losing_trades': 3, 'win_rate_pct': 25.0, 'profit_factor': 0.5559220174077242, 'max_drawdown_pct': 2.543299123285879, 'sharpe_ratio': -2.283828485709463, 'total_fees': 0.8025191369950321, 'total_slippage_cost': 0.5246197438945851}, 'BNB': {'initial_cash': 1000.0, 'final_cash': 1048.3469639513642, 'total_pnl': 48.34696395136416, 'total_return_pct': 4.834696395136416, 'total_trades': 8, 'daily_trades': 0.34972677595628415, 'winning_trades': 6, 'losing_trades': 2, 'win_rate_pct': 75.0, 'profit_factor': 3.323902437451108, 'max_drawdown_pct': 1.89353648709779, 'sharpe_ratio': 5.1608609079020855, 'total_fees': 1.2774726556062876, 'total_slippage_cost': 0.4762680330753335}, 'SOL': {'initial_cash': 1000.0, 'final_cash': 1021.0555872064581, 'total_pnl': 21.055587206458085, 'total_return_pct': 2.105558720645808, 'total_trades': 5, 'daily_trades': 0.2185792349726776, 'winning_trades': 4, 'losing_trades': 1, 'win_rate_pct': 80.0, 'profit_factor': 3.1005506009772863, 'max_drawdown_pct': 1.3087259520330359, 'sharpe_ratio': 3.406583732686693, 'total_fees': 0.498628229631632, 'total_slippage_cost': 0.14765080769561936}, 'AVAX': {'initial_cash': 1000.0, 'final_cash': 1005.5417400945329, 'total_pnl': 5.541740094532884, 'total_return_pct': 0.5541740094532884, 'total_trades': 1, 'daily_trades': 0.04371584699453552, 'winning_trades': 1, 'losing_trades': 0, 'win_rate_pct': 100.0, 'profit_factor': 99.0, 'max_drawdown_pct': 0.696751003995098, 'sharpe_ratio': 1.8393371150644617, 'total_fees': 0.0806331439527154, 'total_slippage_cost': 0.036384814177901854}, 'LINK': {'initial_cash': 1000.0, 'final_cash': 969.8131107432798, 'total_pnl': -30.18688925672018, 'total_return_pct': -3.0186889256720177, 'total_trades': 3, 'daily_trades': 0.13114754098360656, 'winning_trades': 0, 'losing_trades': 3, 'win_rate_pct': 0.0, 'profit_factor': 0.0, 'max_drawdown_pct': 3.6959095273602833, 'sharpe_ratio': -6.070051463379283, 'total_fees': 0.28582747665765346, 'total_slippage_cost': 0.20553380711360067}}"
4h,1.8,70.0,4.602986521643698,2.120629855519234,20,0,"{'BTC': {'initial_cash': 1000.0, 'final_cash': 1011.9648790632343, 'total_pnl': 11.96487906323432, 'total_return_pct': 1.196487906323432, 'total_trades': 3, 'daily_trades': 0.13114754098360656, 'winning_trades': 2, 'losing_trades': 1, 'win_rate_pct': 66.66666666666666, 'profit_factor': 2.1537248018351347, 'max_drawdown_pct': 1.4353878244929084, 'sharpe_ratio': 2.5524173067790934, 'total_fees': 0.7769924293580674, 'total_slippage_cost': 0.3810702038278388}, 'ETH': {'initial_cash': 1000.0, 'final_cash': 984.3742000766699, 'total_pnl': -15.625799923330078, 'total_return_pct': -1.562579992333008, 'total_trades': 3, 'daily_trades': 0.13114754098360656, 'winning_trades': 1, 'losing_trades': 2, 'win_rate_pct': 33.33333333333333, 'profit_factor': 0.26896477772195204, 'max_drawdown_pct': 1.6416972984018532, 'sharpe_ratio': -3.8882003116652273, 'total_fees': 0.8816801795064865, 'total_slippage_cost': 0.5969874863066571}, 'BNB': {'initial_cash': 1000.0, 'final_cash': 1046.4435733256573, 'total_pnl': 46.443573325657326, 'total_return_pct': 4.644357332565733, 'total_trades': 7, 'daily_trades': 0.30601092896174864, 'winning_trades': 6, 'losing_trades': 1, 'win_rate_pct': 85.71428571428571, 'profit_factor': 5.245154742934177, 'max_drawdown_pct': 1.4713221920180308, 'sharpe_ratio': 5.571723574030002, 'total_fees': 1.7146264589798021, 'total_slippage_cost': 0.6962884698476876}, 'SOL': {'initial_cash': 1000.0, 'final_cash': 1016.6905177814626, 'total_pnl': 16.69051778146263, 'total_return_pct': 1.6690517781462633, 'total_trades': 4, 'daily_trades': 0.17486338797814208, 'winning_trades': 3, 'losing_trades': 1, 'win_rate_pct': 75.0, 'profit_factor': 2.66277327260357, 'max_drawdown_pct': 1.0444945656466922, 'sharpe_ratio': 2.865899999593304, 'total_fees': 0.5498688861765904, 'total_slippage_cost': 0.14208682029844938}, 'AVAX': {'initial_cash': 1000.0, 'final_cash': 989.7696780093161, 'total_pnl': -10.230321990683933, 'total_return_pct': -1.0230321990683933, 'total_trades': 1, 'daily_trades': 0.04371584699453552, 'winning_trades': 0, 'losing_trades': 1, 'win_rate_pct': 0.0, 'profit_factor': 0.0, 'max_drawdown_pct': 1.0230321990683933, 'sharpe_ratio': -4.088420504767545, 'total_fees': 0.13516800415176117, 'total_slippage_cost': 0.09515398653215043}, 'LINK': {'initial_cash': 1000.0, 'final_cash': 995.3907499679234, 'total_pnl': -4.609250032076602, 'total_return_pct': -0.4609250032076602, 'total_trades': 2, 'daily_trades': 0.08743169398907104, 'winning_trades': 1, 'losing_trades': 1, 'win_rate_pct': 50.0, 'profit_factor': 0.5572268725281366, 'max_drawdown_pct': 1.5566728543282533, 'sharpe_ratio': -1.0318861719965784, 'total_fees': 0.2537105447399066, 'total_slippage_cost': 0.14693218824408388}}"
4h,1.9,70.0,7.078129108820985,2.129907503172629,20,0,"{'BTC': {'initial_cash': 1000.0, 'final_cash': 1011.769251483141, 'total_pnl': 11.769251483141034, 'total_return_pct': 1.1769251483141034, 'total_trades': 3, 'daily_trades': 0.13114754098360656, 'winning_trades': 2, 'losing_trades': 1, 'win_rate_pct': 66.66666666666666, 'profit_factor': 2.1373696552898105, 'max_drawdown_pct': 2.088912951320164, 'sharpe_ratio': 1.969777798028791, 'total_fees': 0.7358443684898853, 'total_slippage_cost': 0.360579435913851}, 'ETH': {'initial_cash': 1000.0, 'final_cash': 995.9302026967268, 'total_pnl': -4.0697973032731625, 'total_return_pct': -0.40697973032731627, 'total_trades': 3, 'daily_trades': 0.13114754098360656, 'winning_trades': 1, 'losing_trades': 2, 'win_rate_pct': 33.33333333333333, 'profit_factor': 0.8186917673072046, 'max_drawdown_pct': 1.1400306693145281, 'sharpe_ratio': -0.8727976808304496, 'total_fees': 0.807128411816069, 'total_slippage_cost': 0.5106398764754376}, 'BNB': {'initial_cash': 1000.0, 'final_cash': 1059.05807649926, 'total_pnl': 59.058076499260096, 'total_return_pct': 5.90580764992601, 'total_trades': 7, 'daily_trades': 0.30601092896174864, 'winning_trades': 6, 'losing_trades': 1, 'win_rate_pct': 85.71428571428571, 'profit_factor': 6.330382881939602, 'max_drawdown_pct': 1.4456700642105014, 'sharpe_ratio': 6.830214369118946, 'total_fees': 1.5625455431969952, 'total_slippage_cost': 0.5373361309003142}, 'SOL': {'initial_cash': 1000.0, 'final_cash': 1016.46305543786, 'total_pnl': 16.46305543786002, 'total_return_pct': 1.646305543786002, 'total_trades': 4, 'daily_trades': 0.17486338797814208, 'winning_trades': 3, 'losing_trades': 1, 'win_rate_pct': 75.0, 'profit_factor': 2.640766757307028, 'max_drawdown_pct': 1.041797556958477, 'sharpe_ratio': 2.9359472014751877, 'total_fees': 0.5207944018561578, 'total_slippage_cost': 0.13434605279170264}, 'AVAX': {'initial_cash': 1000.0, 'final_cash': 989.7823264035626, 'total_pnl': -10.217673596437407, 'total_return_pct': -1.0217673596437409, 'total_trades': 1, 'daily_trades': 0.04371584699453552, 'winning_trades': 0, 'losing_trades': 1, 'win_rate_pct': 0.0, 'profit_factor': 0.0, 'max_drawdown_pct': 1.0217673596437409, 'sharpe_ratio': -4.226624657847351, 'total_fees': 0.12779087235430003, 'total_slippage_cost': 0.08988272408310669}, 'LINK': {'initial_cash': 1000.0, 'final_cash': 995.3669776103134, 'total_pnl': -4.63302238968663, 'total_return_pct': -0.46330223896866296, 'total_trades': 2, 'daily_trades': 0.08743169398907104, 'winning_trades': 1, 'losing_trades': 1, 'win_rate_pct': 50.0, 'profit_factor': 0.5541019399391003, 'max_drawdown_pct': 1.5275771695282578, 'sharpe_ratio': -1.061743096207949, 'total_fees': 0.2406709820194745, 'total_slippage_cost': 0.13946080852691176}}"
4h,2.0,70.0,10.916069187526205,2.1392910360800816,19,0,"{'BTC': {'initial_cash': 1000.0, 'final_cash': 1022.5710880546723, 'total_pnl': 22.57108805467226, 'total_return_pct': 2.257108805467226, 'total_trades': 2, 'daily_trades': 0.08743169398907104, 'winning_trades': 2, 'losing_trades': 0, 'win_rate_pct': 100.0, 'profit_factor': 99.0, 'max_drawdown_pct': 1.392305764971648, 'sharpe_ratio': 3.8050661661038356, 'total_fees': 0.4136312837544465, 'total_slippage_cost': 0.09399626596827826}, 'ETH': {'initial_cash': 1000.0, 'final_cash': 995.9950784381741, 'total_pnl': -4.004921561825881, 'total_return_pct': -0.40049215618258815, 'total_trades': 3, 'daily_trades': 0.13114754098360656, 'winning_trades': 1, 'losing_trades': 2, 'win_rate_pct': 33.33333333333333, 'profit_factor': 0.8207617135524176, 'max_drawdown_pct': 1.1330841771969546, 'sharpe_ratio': -0.8652304855793003, 'total_fees': 0.7674616625638047, 'total_slippage_cost': 0.48561793239206164}, 'BNB': {'initial_cash': 1000.0, 'final_cash': 1084.1858371286748, 'total_pnl': 84.18583712867485, 'total_return_pct': 8.418583712867484, 'total_trades': 7, 'daily_trades': 0.30601092896174864, 'winning_trades': 6, 'losing_trades': 1, 'win_rate_pct': 85.71428571428571, 'profit_factor': 8.50233586069223, 'max_drawdown_pct': 1.1104533705941892, 'sharpe_ratio': 8.083437460350778, 'total_fees': 1.391289859353683, 'total_slippage_cost': 0.34853194812026966}, 'SOL': {'initial_cash': 1000.0, 'final_cash': 1016.2370824305044, 'total_pnl': 16.237082430504415, 'total_return_pct': 1.6237082430504417, 'total_trades': 4, 'daily_trades': 0.17486338797814208, 'winning_trades': 3, 'losing_trades': 1, 'win_rate_pct': 75.0, 'profit_factor': 2.6188318144460436, 'max_drawdown_pct': 1.039657907988635, 'sharpe_ratio': 3.0431334363085516, 'total_fees': 0.49463236189807835, 'total_slippage_cost': 0.12738970066830632}, 'AVAX': {'initial_cash': 1000.0, 'final_cash': 989.7937099583845, 'total_pnl': -10.206290041615489, 'total_return_pct': -1.020629004161549, 'total_trades': 1, 'daily_trades': 0.04371584699453552, 'winning_trades': 0, 'losing_trades': 1, 'win_rate_pct': 0.0, 'profit_factor': 0.0, 'max_drawdown_pct': 1.020629004161549, 'sharpe_ratio': -4.343013901549948, 'total_fees': 0.12115145373658504, 'total_slippage_cost': 0.0851385878789302}, 'LINK': {'initial_cash': 1000.0, 'final_cash': 995.1894779045206, 'total_pnl': -4.810522095479428, 'total_return_pct': -0.48105220954794276, 'total_trades': 2, 'daily_trades': 0.08743169398907104, 'winning_trades': 1, 'losing_trades': 1, 'win_rate_pct': 50.0, 'profit_factor': 0.535922257451225, 'max_drawdown_pct': 1.5013768499172546, 'sharpe_ratio': -1.0980640003151665, 'total_fees': 0.22884021979921235, 'total_slippage_cost': 0.1326457965945479}}"
4h,2.1,70.0,8.961293693586185,2.1360661394633365,18,1,"{'BTC': {'initial_cash': 1000.0, 'final_cash': 1022.5716553381134, 'total_pnl': 22.571655338113374, 'total_return_pct': 2.2571655338113374, 'total_trades': 2, 'daily_trades': 0.08743169398907104, 'winning_trades': 2, 'losing_trades': 0, 'win_rate_pct': 100.0, 'profit_factor': 99.0, 'max_drawdown_pct': 1.3266365685903105, 'sharpe_ratio': 3.9425675534019358, 'total_fees': 0.3941479603884933, 'total_slippage_cost': 0.08952025330312242}, 'ETH': {'initial_cash': 1000.0, 'final_cash': 996.0537775817061, 'total_pnl': -3.946222418293928, 'total_return_pct': -0.3946222418293928, 'total_trades': 3, 'daily_trades': 0.13114754098360656, 'winning_trades': 1, 'losing_trades': 2, 'win_rate_pct': 33.33333333333333, 'profit_factor': 0.8226430296483527, 'max_drawdown_pct': 1.126798799940162, 'sharpe_ratio': -0.8645007300985982, 'total_fees': 0.7315713979570898, 'total_slippage_cost': 0.46297828490594983}, 'BNB': {'initial_cash': 1000.0, 'final_cash': 1084.2412223137515, 'total_pnl': 84.24122231375145, 'total_return_pct': 8.424122231375145, 'total_trades': 7, 'daily_trades': 0.30601092896174864, 'winning_trades': 6, 'losing_trades': 1, 'win_rate_pct': 85.71428571428571, 'profit_factor': 8.52174172244083, 'max_drawdown_pct': 1.105147493552805, 'sharpe_ratio': 8.226758753453602, 'total_fees': 1.3250120393644453, 'total_slippage_cost': 0.3316886918006555}, 'SOL': {'initial_cash': 1000.0, 'final_cash': 1016.0528842271052, 'total_pnl': 16.05288422710521, 'total_return_pct': 1.6052884227105209, 'total_trades': 4, 'daily_trades': 0.17486338797814208, 'winning_trades': 3, 'losing_trades': 1, 'win_rate_pct': 75.0, 'profit_factor': 2.6009560658007813, 'max_drawdown_pct': 1.1821963997246265, 'sharpe_ratio': 2.464690771195888, 'total_fees': 0.47095780195217785, 'total_slippage_cost': 0.12108590381470438}, 'AVAX': {'initial_cash': 1000.0, 'final_cash': 989.8040093651281, 'total_pnl': -10.195990634871919, 'total_return_pct': -1.0195990634871919, 'total_trades': 1, 'daily_trades': 0.04371584699453552, 'winning_trades': 0, 'losing_trades': 1, 'win_rate_pct': 0.0, 'profit_factor': 0.0, 'max_drawdown_pct': 1.0195990634871919, 'sharpe_ratio': -4.438897229235292, 'total_fees': 0.11514436070150955, 'total_slippage_cost': 0.0808462741704249}, 'LINK': {'initial_cash': 1000.0, 'final_cash': 995.1775516948497, 'total_pnl': -4.82244830515026, 'total_return_pct': -0.48224483051502604, 'total_trades': 2, 'daily_trades': 0.08743169398907104, 'winning_trades': 1, 'losing_trades': 1, 'win_rate_pct': 50.0, 'profit_factor': 0.5340906977938841, 'max_drawdown_pct': 1.4776601953312005, 'sharpe_ratio': -1.1207777134082995, 'total_fees': 0.21822814579903216, 'total_slippage_cost': 0.12656722688865424}}"
4h,2.15,70.0,8.96171457173407,2.134636344645041,18,1,"{'BTC': {'initial_cash': 1000.0, 'final_cash': 1022.571919132461, 'total_pnl': 22.57191913246095, 'total_return_pct': 2.257191913246095, 'total_trades': 2, 'daily_trades': 0.08743169398907104, 'winning_trades': 2, 'losing_trades': 0, 'win_rate_pct': 100.0, 'profit_factor': 99.0, 'max_drawdown_pct': 1.2960714549725634, 'sharpe_ratio': 4.0084210009801655, 'total_fees': 0.3850860079361255, 'total_slippage_cost': 0.08743838694723598}, 'ETH': {'initial_cash': 1000.0, 'final_cash': 996.0810801705961, 'total_pnl': -3.918919829403876, 'total_return_pct': -0.39189198294038763, 'total_trades': 3, 'daily_trades': 0.13114754098360656, 'winning_trades': 1, 'losing_trades': 2, 'win_rate_pct': 33.33333333333333, 'profit_factor': 0.8235208294835089, 'max_drawdown_pct': 1.1238752211021281, 'sharpe_ratio': -0.860402645895609, 'total_fees': 0.7148778305073132, 'total_slippage_cost': 0.45244797493223465}, 'BNB': {'initial_cash': 1000.0, 'final_cash': 1084.33525224924, 'total_pnl': 84.33525224924006, 'total_return_pct': 8.433525224924006, 'total_trades': 7, 'daily_trades': 0.30601092896174864, 'winning_trades': 6, 'losing_trades': 1, 'win_rate_pct': 85.71428571428571, 'profit_factor': 8.536387390322485, 'max_drawdown_pct': 1.1026795955735236, 'sharpe_ratio': 8.309504616561426, 'total_fees': 1.2942802353730285, 'total_slippage_cost': 0.3239021729496526}, 'SOL': {'initial_cash': 1000.0, 'final_cash': 1015.9672113787755, 'total_pnl': 15.96721137877546, 'total_return_pct': 1.596721137877546, 'total_trades': 4, 'daily_trades': 0.17486338797814208, 'winning_trades': 3, 'losing_trades': 1, 'win_rate_pct': 75.0, 'profit_factor': 2.592633336626076, 'max_drawdown_pct': 1.1779421839889486, 'sharpe_ratio': 2.497214332250545, 'total_fees': 0.4599464245215462, 'total_slippage_cost': 0.11815388910710778}, 'AVAX': {'initial_cash': 1000.0, 'final_cash': 989.8087997868694, 'total_pnl': -10.191200213130628, 'total_return_pct': -1.019120021313063, 'total_trades': 1, 'daily_trades': 0.04371584699453552, 'winning_trades': 0, 'losing_trades': 1, 'win_rate_pct': 0.0, 'profit_factor': 0.0, 'max_drawdown_pct': 1.019120021313063, 'sharpe_ratio': -4.479680800422574, 'total_fees': 0.11235036394100933, 'total_slippage_cost': 0.07884984918970751}, 'LINK': {'initial_cash': 1000.0, 'final_cash': 995.172004507003, 'total_pnl': -4.827995492997047, 'total_return_pct': -0.48279954929970476, 'total_trades': 2, 'daily_trades': 0.08743169398907104, 'winning_trades': 1, 'losing_trades': 1, 'win_rate_pct': 50.0, 'profit_factor': 0.5332379399662868, 'max_drawdown_pct': 1.4666254350308798, 'sharpe_ratio': -1.1314059730196062, 'total_fees': 0.21329236369246163, 'total_slippage_cost': 0.12374003248065116}}"
4h,2.2,70.0,7.279023149095496,3.049802763526043,18,1,"{'BTC': {'initial_cash': 1000.0, 'final_cash': 1022.5721709015576, 'total_pnl': 22.57217090155757, 'total_return_pct': 2.257217090155757, 'total_trades': 2, 'daily_trades': 0.08743169398907104, 'winning_trades': 2, 'losing_trades': 0, 'win_rate_pct': 100.0, 'profit_factor': 99.0, 'max_drawdown_pct': 1.2668830366699433, 'sharpe_ratio': 4.07234580675013, 'total_fees': 0.3764359970121333, 'total_slippage_cost': 0.08545115088025347}, 'ETH': {'initial_cash': 1000.0, 'final_cash': 996.1071421246169, 'total_pnl': -3.892857875383129, 'total_return_pct': -0.3892857875383129, 'total_trades': 3, 'daily_trades': 0.13114754098360656, 'winning_trades': 1, 'losing_trades': 2, 'win_rate_pct': 33.33333333333333, 'profit_factor': 0.8243603761900617, 'max_drawdown_pct': 1.5982708585557777, 'sharpe_ratio': -0.6915534463768866, 'total_fees': 0.6989428121522622, 'total_slippage_cost': 0.4423961724473095}, 'BNB': {'initial_cash': 1000.0, 'final_cash': 1084.352979041004, 'total_pnl': 84.35297904100389, 'total_return_pct': 8.43529790410039, 'total_trades': 7, 'daily_trades': 0.30601092896174864, 'winning_trades': 6, 'losing_trades': 1, 'win_rate_pct': 85.71428571428571, 'profit_factor': 8.544492930638706, 'max_drawdown_pct': 1.1003238462312233, 'sharpe_ratio': 8.698147996296637, 'total_fees': 1.2648430403640896, 'total_slippage_cost': 0.3164188208358194}, 'SOL': {'initial_cash': 1000.0, 'final_cash': 1015.8854331859782, 'total_pnl': 15.885433185978172, 'total_return_pct': 1.588543318597817, 'total_trades': 4, 'daily_trades': 0.17486338797814208, 'winning_trades': 3, 'losing_trades': 1, 'win_rate_pct': 75.0, 'profit_factor': 2.584683915191114, 'max_drawdown_pct': 1.1738810684478829, 'sharpe_ratio': 2.528641518272368, 'total_fees': 0.44943559137570155, 'total_slippage_cost': 0.1153551382174304}, 'AVAX': {'initial_cash': 1000.0, 'final_cash': 989.8133724621678, 'total_pnl': -10.186627537832237, 'total_return_pct': -1.0186627537832238, 'total_trades': 1, 'daily_trades': 0.04371584699453552, 'winning_trades': 0, 'losing_trades': 1, 'win_rate_pct': 0.0, 'profit_factor': 0.0, 'max_drawdown_pct': 1.0186627537832238, 'sharpe_ratio': -4.516012555462922, 'total_fees': 0.10968336703325914, 'total_slippage_cost': 0.07694417079902273}, 'LINK': {'initial_cash': 1000.0, 'final_cash': 979.7063930231836, 'total_pnl': -20.293606976816363, 'total_return_pct': -2.029360697681636, 'total_trades': 2, 'daily_trades': 0.08743169398907104, 'winning_trades': 0, 'losing_trades': 2, 'win_rate_pct': 0.0, 'profit_factor': 0.0, 'max_drawdown_pct': 2.8060405329693907, 'sharpe_ratio': -4.039271231515182, 'total_fees': 0.23095671126993994, 'total_slippage_cost': 0.16496382245133034}}"
4h,2.3,70.0,5.308225795842327,3.0462956697395613,17,1,"{'BTC': {'initial_cash': 1000.0, 'final_cash': 1022.5726415096537, 'total_pnl': 22.57264150965375, 'total_return_pct': 2.257264150965375, 'total_trades': 2, 'daily_trades': 0.08743169398907104, 'winning_trades': 2, 'losing_trades': 0, 'win_rate_pct': 100.0, 'profit_factor': 99.0, 'max_drawdown_pct': 1.2122802715844865, 'sharpe_ratio': 4.194447465170848, 'total_fees': 0.36026432810854214, 'total_slippage_cost': 0.08173588345067687}, 'ETH': {'initial_cash': 1000.0, 'final_cash': 996.1558676741445, 'total_pnl': -3.844132325855526, 'total_return_pct': -0.3844132325855526, 'total_trades': 3, 'daily_trades': 0.13114754098360656, 'winning_trades': 1, 'losing_trades': 2, 'win_rate_pct': 33.33333333333333, 'profit_factor': 0.825934294605243, 'max_drawdown_pct': 1.5724403715475626, 'sharpe_ratio': -0.7043865362714097, 'total_fees': 0.6691506025890386, 'total_slippage_cost': 0.4236032975746523}, 'BNB': {'initial_cash': 1000.0, 'final_cash': 1065.8559563442038, 'total_pnl': 65.85595634420383, 'total_return_pct': 6.585595634420384, 'total_trades': 6, 'daily_trades': 0.26229508196721313, 'winning_trades': 5, 'losing_trades': 1, 'win_rate_pct': 83.33333333333334, 'profit_factor': 7.006549182290418, 'max_drawdown_pct': 1.0959195444140342, 'sharpe_ratio': 7.847245516501269, 'total_fees': 1.0809207648139767, 'total_slippage_cost': 0.2985068859994135}, 'SOL': {'initial_cash': 1000.0, 'final_cash': 1015.707444119436, 'total_pnl': 15.70744411943599, 'total_return_pct': 1.570744411943599, 'total_trades': 4, 'daily_trades': 0.17486338797814208, 'winning_trades': 3, 'losing_trades': 1, 'win_rate_pct': 75.0, 'profit_factor': 2.5673281173625733, 'max_drawdown_pct': 1.166287832077822, 'sharpe_ratio': 2.583742372990255, 'total_fees': 0.4297914863567763, 'total_slippage_cost': 0.11013494994248471}, 'AVAX': {'initial_cash': 1000.0, 'final_cash': 989.821921376856, 'total_pnl': -10.17807862314396, 'total_return_pct': -1.017807862314396, 'total_trades': 1, 'daily_trades': 0.04371584699453552, 'winning_trades': 0, 'losing_trades': 1, 'win_rate_pct': 0.0, 'profit_factor': 0.0, 'max_drawdown_pct': 1.017807862314396, 'sharpe_ratio': -4.576339686750047, 'total_fees': 0.10469724237963918, 'total_slippage_cost': 0.07338138076429648}, 'LINK': {'initial_cash': 1000.0, 'final_cash': 979.7235045819617, 'total_pnl': -20.27649541803828, 'total_return_pct': -2.027649541803828, 'total_trades': 2, 'daily_trades': 0.08743169398907104, 'winning_trades': 0, 'losing_trades': 2, 'win_rate_pct': 0.0, 'profit_factor': 0.0, 'max_drawdown_pct': 2.770829824950606, 'sharpe_ratio': -4.121885138147076, 'total_fees': 0.220914074773224, 'total_slippage_cost': 0.15778996400004824}}"
4h,2.4,70.0,5.680104323509454,2.0806716674038674,17,1,"{'BTC': {'initial_cash': 1000.0, 'final_cash': 1022.5730727966438, 'total_pnl': 22.573072796643828, 'total_return_pct': 2.2573072796643827, 'total_trades': 2, 'daily_trades': 0.08743169398907104, 'winning_trades': 2, 'losing_trades': 0, 'win_rate_pct': 100.0, 'profit_factor': 99.0, 'max_drawdown_pct': 1.162189795771189, 'sharpe_ratio': 4.308991701438931, 'total_fees': 0.3454404020450794, 'total_slippage_cost': 0.07833022164023219}, 'ETH': {'initial_cash': 1000.0, 'final_cash': 996.2005339365652, 'total_pnl': -3.7994660634348065, 'total_return_pct': -0.37994660634348065, 'total_trades': 3, 'daily_trades': 0.13114754098360656, 'winning_trades': 1, 'losing_trades': 2, 'win_rate_pct': 33.33333333333333, 'profit_factor': 0.8273820327320814, 'max_drawdown_pct': 1.5487514762130883, 'sharpe_ratio': -0.716426652363893, 'total_fees': 0.6418403290966145, 'total_slippage_cost': 0.4063760668382287}, 'BNB': {'initial_cash': 1000.0, 'final_cash': 1053.3666279914362, 'total_pnl': 53.36662799143619, 'total_return_pct': 5.336662799143619, 'total_trades': 6, 'daily_trades': 0.26229508196721313, 'winning_trades': 5, 'losing_trades': 1, 'win_rate_pct': 83.33333333333334, 'profit_factor': 5.939544276675442, 'max_drawdown_pct': 1.0918821821426208, 'sharpe_ratio': 6.360848742782029, 'total_fees': 1.0610555648656832, 'total_slippage_cost': 0.3464691517537995}, 'SOL': {'initial_cash': 1000.0, 'final_cash': 1015.5935786065149, 'total_pnl': 15.593578606514939, 'total_return_pct': 1.559357860651494, 'total_trades': 4, 'daily_trades': 0.17486338797814208, 'winning_trades': 3, 'losing_trades': 1, 'win_rate_pct': 75.0, 'profit_factor': 2.5562750568946906, 'max_drawdown_pct': 1.1593265456833202, 'sharpe_ratio': 2.614291804448167, 'total_fees': 0.41177167277606325, 'total_slippage_cost': 0.10532562625501031}, 'AVAX': {'initial_cash': 1000.0, 'final_cash': 1005.5495600030273, 'total_pnl': 5.549560003027295, 'total_return_pct': 0.5549560003027296, 'total_trades': 1, 'daily_trades': 0.04371584699453552, 'winning_trades': 1, 'losing_trades': 0, 'win_rate_pct': 100.0, 'profit_factor': 99.0, 'max_drawdown_pct': 0.7257822958282304, 'sharpe_ratio': 1.8117215654516658, 'total_fees': 0.08394379078594053, 'total_slippage_cost': 0.03789344356825091}, 'LINK': {'initial_cash': 1000.0, 'final_cash': 979.7391903027685, 'total_pnl': -20.26080969723148, 'total_return_pct': -2.026080969723148, 'total_trades': 2, 'daily_trades': 0.08743169398907104, 'winning_trades': 0, 'losing_trades': 2, 'win_rate_pct': 0.0, 'profit_factor': 0.0, 'max_drawdown_pct': 2.738531992934763, 'sharpe_ratio': -4.197207054309647, 'total_fees': 0.21170825157195325, 'total_slippage_cost': 0.15121387490553853}}"
4h,2.5,70.0,5.667117401233531,2.0784555024506326,17,1,"{'BTC': {'initial_cash': 1000.0, 'final_cash': 1022.573469493014, 'total_pnl': 22.573469493014045, 'total_return_pct': 2.2573469493014047, 'total_trades': 2, 'daily_trades': 0.08743169398907104, 'winning_trades': 2, 'losing_trades': 0, 'win_rate_pct': 100.0, 'profit_factor': 99.0, 'max_drawdown_pct': 1.116074470146686, 'sharpe_ratio': 4.4161587308300705, 'total_fees': 0.33180247772721927, 'total_slippage_cost': 0.07519701277462261}, 'ETH': {'initial_cash': 1000.0, 'final_cash': 996.2416278909383, 'total_pnl': -3.7583721090617246, 'total_return_pct': -0.3758372109061725, 'total_trades': 3, 'daily_trades': 0.13114754098360656, 'winning_trades': 1, 'losing_trades': 2, 'win_rate_pct': 33.33333333333333, 'profit_factor': 0.8287181794913867, 'max_drawdown_pct': 1.5269484367056707, 'sharpe_ratio': -0.7262502613086915, 'total_fees': 0.616714245518712, 'total_slippage_cost': 0.39052665233292605}, 'BNB': {'initial_cash': 1000.0, 'final_cash': 1053.3659692743295, 'total_pnl': 53.36596927432947, 'total_return_pct': 5.3365969274329474, 'total_trades': 6, 'daily_trades': 0.26229508196721313, 'winning_trades': 5, 'losing_trades': 1, 'win_rate_pct': 83.33333333333334, 'profit_factor': 5.945985862926234, 'max_drawdown_pct': 1.0881677365332532, 'sharpe_ratio': 6.457805352061813, 'total_fees': 1.0186043975979675, 'total_slippage_cost': 0.3323948935708644}, 'SOL': {'initial_cash': 1000.0, 'final_cash': 1015.4645975757121, 'total_pnl': 15.464597575712105, 'total_return_pct': 1.5464597575712105, 'total_trades': 4, 'daily_trades': 0.17486338797814208, 'winning_trades': 3, 'losing_trades': 1, 'win_rate_pct': 75.0, 'profit_factor': 2.543699240564586, 'max_drawdown_pct': 1.152921469583427, 'sharpe_ratio': 2.5892855729386923, 'total_fees': 0.39519979892323354, 'total_slippage_cost': 0.1009128802702795}, 'AVAX': {'initial_cash': 1000.0, 'final_cash': 1005.5417400945329, 'total_pnl': 5.541740094532884, 'total_return_pct': 0.5541740094532884, 'total_trades': 1, 'daily_trades': 0.04371584699453552, 'winning_trades': 1, 'losing_trades': 0, 'win_rate_pct': 100.0, 'profit_factor': 99.0, 'max_drawdown_pct': 0.696751003995098, 'sharpe_ratio': 1.8393371150644617, 'total_fees': 0.0806331439527154, 'total_slippage_cost': 0.036384814177901854}, 'LINK': {'initial_cash': 1000.0, 'final_cash': 979.7536212717306, 'total_pnl': -20.246378728269406, 'total_return_pct': -2.0246378728269407, 'total_trades': 2, 'daily_trades': 0.08743169398907104, 'winning_trades': 0, 'losing_trades': 2, 'win_rate_pct': 0.0, 'profit_factor': 0.0, 'max_drawdown_pct': 2.7087999341083915, 'sharpe_ratio': -4.26580525440316, 'total_fees': 0.20323883248940688, 'total_slippage_cost': 0.14516382885623905}}"
4h,1.8,75.0,-0.10953835379260682,2.5703456507895814,10,0,"{'BTC': {'initial_cash': 1000.0, 'final_cash': 1006.4948614677143, 'total_pnl': 6.494861467714259, 'total_return_pct': 0.6494861467714259, 'total_trades': 2, 'daily_trades': 0.08743169398907104, 'winning_trades': 1, 'losing_trades': 1, 'win_rate_pct': 50.0, 'profit_factor': 1.6335089289618754, 'max_drawdown_pct': 1.435387824492914, 'sharpe_ratio': 1.6803413924998925, 'total_fees': 0.5435335995393124, 'total_slippage_cost': 0.2750214387561967}, 'ETH': {'initial_cash': 1000.0, 'final_cash': 989.3176625443139, 'total_pnl': -10.682337455686138, 'total_return_pct': -1.0682337455686137, 'total_trades': 1, 'daily_trades': 0.04371584699453552, 'winning_trades': 0, 'losing_trades': 1, 'win_rate_pct': 0.0, 'profit_factor': 0.0, 'max_drawdown_pct': 1.147748373543155, 'sharpe_ratio': -5.047776727060695, 'total_fees': 0.3972562410700129, 'total_slippage_cost': 0.28508121461616504}, 'BNB': {'initial_cash': 1000.0, 'final_cash': 1017.7356537557074, 'total_pnl': 17.735653755707403, 'total_return_pct': 1.7735653755707403, 'total_trades': 4, 'daily_trades': 0.17486338797814208, 'winning_trades': 3, 'losing_trades': 1, 'win_rate_pct': 75.0, 'profit_factor': 2.673794413937415, 'max_drawdown_pct': 1.4713221920180712, 'sharpe_ratio': 3.01615344854083, 'total_fees': 0.9199913580417753, 'total_slippage_cost': 0.4558067785432308}, 'SOL': {'initial_cash': 1000.0, 'final_cash': 989.8120617224403, 'total_pnl': -10.187938277559738, 'total_return_pct': -1.0187938277559738, 'total_trades': 1, 'daily_trades': 0.04371584699453552, 'winning_trades': 0, 'losing_trades': 1, 'win_rate_pct': 0.0, 'profit_factor': 0.0, 'max_drawdown_pct': 1.0187938277559738, 'sharpe_ratio': -4.517156202985493, 'total_fees': 0.11044785140439117, 'total_slippage_cost': 0.07749042615532323}, 'AVAX': {'initial_cash': 1000.0, 'final_cash': 989.7696780093161, 'total_pnl': -10.230321990683933, 'total_return_pct': -1.0230321990683933, 'total_trades': 1, 'daily_trades': 0.04371584699453552, 'winning_trades': 0, 'losing_trades': 1, 'win_rate_pct': 0.0, 'profit_factor': 0.0, 'max_drawdown_pct': 1.0230321990683933, 'sharpe_ratio': -4.088420504767545, 'total_fees': 0.13516800415176117, 'total_slippage_cost': 0.09515398653215043}, 'LINK': {'initial_cash': 1000.0, 'final_cash': 1005.6493703298199, 'total_pnl': 5.649370329819931, 'total_return_pct': 0.564937032981993, 'total_trades': 1, 'daily_trades': 0.04371584699453552, 'winning_trades': 1, 'losing_trades': 0, 'win_rate_pct': 100.0, 'profit_factor': 99.0, 'max_drawdown_pct': 0.4143121762964429, 'sharpe_ratio': 2.571301069164807, 'total_fees': 0.13662365174827595, 'total_slippage_cost': 0.061892422637316286}}"
4h,1.9,75.0,-0.10717303471428749,2.565529828530006,10,0,"{'BTC': {'initial_cash': 1000.0, 'final_cash': 1006.5389008044186, 'total_pnl': 6.538900804418631, 'total_return_pct': 0.6538900804418631, 'total_trades': 2, 'daily_trades': 0.08743169398907104, 'winning_trades': 1, 'losing_trades': 1, 'win_rate_pct': 50.0, 'profit_factor': 1.63852624294964, 'max_drawdown_pct': 1.4125012723213979, 'sharpe_ratio': 1.6965895367441797, 'total_fees': 0.514851099097879, 'total_slippage_cost': 0.2602834682953631}, 'ETH': {'initial_cash': 1000.0, 'final_cash': 989.3530485946131, 'total_pnl': -10.646951405386858, 'total_return_pct': -1.0646951405386857, 'total_trades': 1, 'daily_trades': 0.04371584699453552, 'winning_trades': 0, 'losing_trades': 1, 'win_rate_pct': 0.0, 'profit_factor': 0.0, 'max_drawdown_pct': 1.1400306693145281, 'sharpe_ratio': -5.038708486613448, 'total_fees': 0.37661130732948334, 'total_slippage_cost': 0.2703400980574124}, 'BNB': {'initial_cash': 1000.0, 'final_cash': 1017.7287527914098, 'total_pnl': 17.72875279140976, 'total_return_pct': 1.772875279140976, 'total_trades': 4, 'daily_trades': 0.17486338797814208, 'winning_trades': 3, 'losing_trades': 1, 'win_rate_pct': 75.0, 'profit_factor': 2.6762546940005905, 'max_drawdown_pct': 1.4456700642105147, 'sharpe_ratio': 3.0995216658832936, 'total_fees': 0.8714839355997925, 'total_slippage_cost': 0.43154368939613036}, 'SOL': {'initial_cash': 1000.0, 'final_cash': 989.8224793949435, 'total_pnl': -10.177520605056543, 'total_return_pct': -1.0177520605056545, 'total_trades': 1, 'daily_trades': 0.04371584699453552, 'winning_trades': 0, 'losing_trades': 1, 'win_rate_pct': 0.0, 'profit_factor': 0.0, 'max_drawdown_pct': 1.0177520605056545, 'sharpe_ratio': -4.8434119246515, 'total_fees': 0.10437178027784422, 'total_slippage_cost': 0.07314882477873846}, 'AVAX': {'initial_cash': 1000.0, 'final_cash': 989.7823264035626, 'total_pnl': -10.217673596437407, 'total_return_pct': -1.0217673596437409, 'total_trades': 1, 'daily_trades': 0.04371584699453552, 'winning_trades': 0, 'losing_trades': 1, 'win_rate_pct': 0.0, 'profit_factor': 0.0, 'max_drawdown_pct': 1.0217673596437409, 'sharpe_ratio': -4.226624657847351, 'total_fees': 0.12779087235430003, 'total_slippage_cost': 0.08988272408310669}, 'LINK': {'initial_cash': 1000.0, 'final_cash': 1005.6151403124611, 'total_pnl': 5.615140312461108, 'total_return_pct': 0.5615140312461108, 'total_trades': 1, 'daily_trades': 0.04371584699453552, 'winning_trades': 1, 'losing_trades': 0, 'win_rate_pct': 100.0, 'profit_factor': 99.0, 'max_drawdown_pct': 0.39260519141368444, 'sharpe_ratio': 2.6883604482635706, 'total_fees': 0.12948556481415635, 'total_slippage_cost': 0.058634926709036576}}"
4h,2.0,75.0,3.393449825034668,2.0577576688671457,9,0,"{'BTC': {'initial_cash': 1000.0, 'final_cash': 1017.2948845640956, 'total_pnl': 17.294884564095582, 'total_return_pct': 1.7294884564095583, 'total_trades': 1, 'daily_trades': 0.04371584699453552, 'winning_trades': 1, 'losing_trades': 0, 'win_rate_pct': 100.0, 'profit_factor': 99.0, 'max_drawdown_pct': 0.7450187851717955, 'sharpe_ratio': 4.359585648396491, 'total_fees': 0.20511543590447545, 'total_slippage_cost': 0.0}, 'ETH': {'initial_cash': 1000.0, 'final_cash': 989.3848960398825, 'total_pnl': -10.615103960117494, 'total_return_pct': -1.0615103960117496, 'total_trades': 1, 'daily_trades': 0.04371584699453552, 'winning_trades': 0, 'losing_trades': 1, 'win_rate_pct': 0.0, 'profit_factor': 0.0, 'max_drawdown_pct': 1.1330841771969546, 'sharpe_ratio': -5.016826517386616, 'total_fees': 0.3580308669630105, 'total_slippage_cost': 0.2570730931545377}, 'BNB': {'initial_cash': 1000.0, 'final_cash': 1041.8822914533655, 'total_pnl': 41.8822914533655, 'total_return_pct': 4.18822914533655, 'total_trades': 4, 'daily_trades': 0.17486338797814208, 'winning_trades': 3, 'losing_trades': 1, 'win_rate_pct': 75.0, 'profit_factor': 4.883827848933059, 'max_drawdown_pct': 1.1104533705941892, 'sharpe_ratio': 5.19958373287272, 'total_fees': 0.738386233842453, 'total_slippage_cost': 0.2543497187451658}, 'SOL': {'initial_cash': 1000.0, 'final_cash': 989.8318553001963, 'total_pnl': -10.168144699803747, 'total_return_pct': -1.0168144699803747, 'total_trades': 1, 'daily_trades': 0.04371584699453552, 'winning_trades': 0, 'losing_trades': 1, 'win_rate_pct': 0.0, 'profit_factor': 0.0, 'max_drawdown_pct': 1.0168144699803747, 'sharpe_ratio': -4.977830443142005, 'total_fees': 0.09890331626395196, 'total_slippage_cost': 0.06924138353978777}, 'AVAX': {'initial_cash': 1000.0, 'final_cash': 989.7937099583845, 'total_pnl': -10.206290041615489, 'total_return_pct': -1.020629004161549, 'total_trades': 1, 'daily_trades': 0.04371584699453552, 'winning_trades': 0, 'losing_trades': 1, 'win_rate_pct': 0.0, 'profit_factor': 0.0, 'max_drawdown_pct': 1.020629004161549, 'sharpe_ratio': -4.343013901549948, 'total_fees': 0.12115145373658504, 'total_slippage_cost': 0.0851385878789302}, 'LINK': {'initial_cash': 1000.0, 'final_cash': 1005.4266235172809, 'total_pnl': 5.426623517280859, 'total_return_pct': 0.5426623517280859, 'total_trades': 1, 'daily_trades': 0.04371584699453552, 'winning_trades': 1, 'losing_trades': 0, 'win_rate_pct': 100.0, 'profit_factor': 99.0, 'max_drawdown_pct': 0.3886844364417763, 'sharpe_ratio': 2.4656758696205596, 'total_fees': 0.12298239223650119, 'total_slippage_cost': 0.05562424656974255}}"
4h,2.1,75.0,3.3993366754943963,2.054531549436035,9,0,"{'BTC': {'initial_cash': 1000.0, 'final_cash': 1017.3044852991386, 'total_pnl': 17.304485299138605, 'total_return_pct': 1.7304485299138603, 'total_trades': 1, 'daily_trades': 0.04371584699453552, 'winning_trades': 1, 'losing_trades': 0, 'win_rate_pct': 100.0, 'profit_factor': 99.0, 'max_drawdown_pct': 0.7096552392751161, 'sharpe_ratio': 4.467055817559266, 'total_fees': 0.1955147008614054, 'total_slippage_cost': 0.0}, 'ETH': {'initial_cash': 1000.0, 'final_cash': 989.4137103951261, 'total_pnl': -10.586289604873855, 'total_return_pct': -1.0586289604873855, 'total_trades': 1, 'daily_trades': 0.04371584699453552, 'winning_trades': 0, 'losing_trades': 1, 'win_rate_pct': 0.0, 'profit_factor': 0.0, 'max_drawdown_pct': 1.126798799940162, 'sharpe_ratio': -4.986059896055048, 'total_fees': 0.3412199923457253, 'total_slippage_cost': 0.24506961252812715}, 'BNB': {'initial_cash': 1000.0, 'final_cash': 1041.9305893827766, 'total_pnl': 41.93058938277659, 'total_return_pct': 4.193058938277659, 'total_trades': 4, 'daily_trades': 0.17486338797814208, 'winning_trades': 3, 'losing_trades': 1, 'win_rate_pct': 75.0, 'profit_factor': 4.895812700005221, 'max_drawdown_pct': 1.1051474935528587, 'sharpe_ratio': 5.339459670605968, 'total_fees': 0.7031559962667717, 'total_slippage_cost': 0.24199431302628335}, 'SOL': {'initial_cash': 1000.0, 'final_cash': 989.8403382620917, 'total_pnl': -10.159661737908323, 'total_return_pct': -1.0159661737908323, 'total_trades': 1, 'daily_trades': 0.04371584699453552, 'winning_trades': 0, 'losing_trades': 1, 'win_rate_pct': 0.0, 'profit_factor': 0.0, 'max_drawdown_pct': 1.1604723192418578, 'sharpe_ratio': -2.2147112413204937, 'total_fees': 0.09395565834662087, 'total_slippage_cost': 0.06570607956171279}, 'AVAX': {'initial_cash': 1000.0, 'final_cash': 989.8040093651281, 'total_pnl': -10.195990634871919, 'total_return_pct': -1.0195990634871919, 'total_trades': 1, 'daily_trades': 0.04371584699453552, 'winning_trades': 0, 'losing_trades': 1, 'win_rate_pct': 0.0, 'profit_factor': 0.0, 'max_drawdown_pct': 1.0195990634871919, 'sharpe_ratio': -4.438897229235292, 'total_fees': 0.11514436070150955, 'total_slippage_cost': 0.0808462741704249}, 'LINK': {'initial_cash': 1000.0, 'final_cash': 1005.4062604926485, 'total_pnl': 5.406260492648471, 'total_return_pct': 0.5406260492648471, 'total_trades': 1, 'daily_trades': 0.04371584699453552, 'winning_trades': 1, 'losing_trades': 0, 'win_rate_pct': 100.0, 'profit_factor': 99.0, 'max_drawdown_pct': 0.3702516524319613, 'sharpe_ratio': 2.5474729804724827, 'total_fees': 0.11717370689190608, 'total_slippage_cost': 0.052975472923564415}}"
4h,2.15,75.0,3.4020748241431877,2.0530310147263435,9,0,"{'BTC': {'initial_cash': 1000.0, 'final_cash': 1017.3089507572981, 'total_pnl': 17.308950757298135, 'total_return_pct': 1.7308950757298134, 'total_trades': 1, 'daily_trades': 0.04371584699453552, 'winning_trades': 1, 'losing_trades': 0, 'win_rate_pct': 100.0, 'profit_factor': 99.0, 'max_drawdown_pct': 0.6932032219284991, 'sharpe_ratio': 4.51579740218647, 'total_fees': 0.19104924270183796, 'total_slippage_cost': 0.0}, 'ETH': {'initial_cash': 1000.0, 'final_cash': 989.4271124208209, 'total_pnl': -10.57288757917911, 'total_return_pct': -1.057288757917911, 'total_trades': 1, 'daily_trades': 0.04371584699453552, 'winning_trades': 0, 'losing_trades': 1, 'win_rate_pct': 0.0, 'profit_factor': 0.0, 'max_drawdown_pct': 1.1238752211021281, 'sharpe_ratio': -4.9683106178380765, 'total_fees': 0.3334009808958237, 'total_slippage_cost': 0.23948659828328392}, 'BNB': {'initial_cash': 1000.0, 'final_cash': 1041.9530539651532, 'total_pnl': 41.95305396515323, 'total_return_pct': 4.195305396515323, 'total_trades': 4, 'daily_trades': 0.17486338797814208, 'winning_trades': 3, 'losing_trades': 1, 'win_rate_pct': 75.0, 'profit_factor': 4.901405697964392, 'max_drawdown_pct': 1.102679595573506, 'sharpe_ratio': 5.427850211331183, 'total_fees': 0.6867695163282926, 'total_slippage_cost': 0.23624751091868468}, 'SOL': {'initial_cash': 1000.0, 'final_cash': 989.8442838257639, 'total_pnl': -10.15571617423609, 'total_return_pct': -1.0155716174236091, 'total_trades': 1, 'daily_trades': 0.04371584699453552, 'winning_trades': 0, 'losing_trades': 1, 'win_rate_pct': 0.0, 'profit_factor': 0.0, 'max_drawdown_pct': 1.1567225096710843, 'sharpe_ratio': -2.2504094853757066, 'total_fees': 0.09165442210600187, 'total_slippage_cost': 0.06406175213003872}, 'AVAX': {'initial_cash': 1000.0, 'final_cash': 989.8087997868694, 'total_pnl': -10.191200213130628, 'total_return_pct': -1.019120021313063, 'total_trades': 1, 'daily_trades': 0.04371584699453552, 'winning_trades': 0, 'losing_trades': 1, 'win_rate_pct': 0.0, 'profit_factor': 0.0, 'max_drawdown_pct': 1.019120021313063, 'sharpe_ratio': -4.479680800422574, 'total_fees': 0.11235036394100933, 'total_slippage_cost': 0.07884984918970751}, 'LINK': {'initial_cash': 1000.0, 'final_cash': 1005.3967893184008, 'total_pnl': 5.396789318400806, 'total_return_pct': 0.5396789318400806, 'total_trades': 1, 'daily_trades': 0.04371584699453552, 'winning_trades': 1, 'losing_trades': 0, 'win_rate_pct': 100.0, 'profit_factor': 99.0, 'max_drawdown_pct': 0.36167568544391127, 'sharpe_ratio': 2.5867200663409364, 'total_fees': 0.11447199277814091, 'total_slippage_cost': 0.05174348518115598}}"
4h,2.2,75.0,1.7983192824083858,3.049802763526043,9,0,"{'BTC': {'initial_cash': 1000.0, 'final_cash': 1017.3132132400868, 'total_pnl': 17.31321324008684, 'total_return_pct': 1.731321324008684, 'total_trades': 1, 'daily_trades': 0.04371584699453552, 'winning_trades': 1, 'losing_trades': 0, 'win_rate_pct': 100.0, 'profit_factor': 99.0, 'max_drawdown_pct': 0.6774967387224893, 'sharpe_ratio': 4.561385371297288, 'total_fees': 0.1867867599131599, 'total_slippage_cost': 0.0}, 'ETH': {'initial_cash': 1000.0, 'final_cash': 989.4399052635296, 'total_pnl': -10.560094736470433, 'total_return_pct': -1.0560094736470433, 'total_trades': 1, 'daily_trades': 0.04371584699453552, 'winning_trades': 0, 'losing_trades': 1, 'win_rate_pct': 0.0, 'profit_factor': 0.0, 'max_drawdown_pct': 1.1210844448102175, 'sharpe_ratio': -4.94939734076742, 'total_fees': 0.3259373790572813, 'total_slippage_cost': 0.2341573574132063}, 'BNB': {'initial_cash': 1000.0, 'final_cash': 1041.9744976843374, 'total_pnl': 41.97449768433739, 'total_return_pct': 4.1974497684337395, 'total_trades': 4, 'daily_trades': 0.17486338797814208, 'winning_trades': 3, 'losing_trades': 1, 'win_rate_pct': 75.0, 'profit_factor': 4.906755562264769, 'max_drawdown_pct': 1.1003238462312321, 'sharpe_ratio': 5.499455919922131, 'total_fees': 0.6711276851198527, 'total_slippage_cost': 0.23076186680956848}, 'SOL': {'initial_cash': 1000.0, 'final_cash': 989.8480500456329, 'total_pnl': -10.151949954367069, 'total_return_pct': -1.0151949954367068, 'total_trades': 1, 'daily_trades': 0.04371584699453552, 'winning_trades': 0, 'losing_trades': 1, 'win_rate_pct': 0.0, 'profit_factor': 0.0, 'max_drawdown_pct': 1.153142908451855, 'sharpe_ratio': -2.2851285439294724, 'total_fees': 0.08945778751268352, 'total_slippage_cost': 0.0624921668543497}, 'AVAX': {'initial_cash': 1000.0, 'final_cash': 989.8133724621678, 'total_pnl': -10.186627537832237, 'total_return_pct': -1.0186627537832238, 'total_trades': 1, 'daily_trades': 0.04371584699453552, 'winning_trades': 0, 'losing_trades': 1, 'win_rate_pct': 0.0, 'profit_factor': 0.0, 'max_drawdown_pct': 1.0186627537832238, 'sharpe_ratio': -4.516012555462922, 'total_fees': 0.10968336703325914, 'total_slippage_cost': 0.07694417079902273}, 'LINK': {'initial_cash': 1000.0, 'final_cash': 989.7686443095195, 'total_pnl': -10.231355690480541, 'total_return_pct': -1.0231355690480541, 'total_trades': 1, 'daily_trades': 0.04371584699453552, 'winning_trades': 0, 'losing_trades': 1, 'win_rate_pct': 0.0, 'profit_factor': 0.0, 'max_drawdown_pct': 1.8077924347271068, 'sharpe_ratio': -2.9077442888194796, 'total_fees': 0.13577090595024666, 'total_slippage_cost': 0.09558478453036516}}"
4h,2.3,75.0,1.8059179749089822,3.0462956697395613,9,0,"{'BTC': {'initial_cash': 1000.0, 'final_cash': 1017.3211822296482, 'total_pnl': 17.32118222964823, 'total_return_pct': 1.7321182229648229, 'total_trades': 1, 'daily_trades': 0.04371584699453552, 'winning_trades': 1, 'losing_trades': 0, 'win_rate_pct': 100.0, 'profit_factor': 99.0, 'max_drawdown_pct': 0.6481264560263602, 'sharpe_ratio': 4.643646321570644, 'total_fees': 0.17881777035171834, 'total_slippage_cost': 0.0}, 'ETH': {'initial_cash': 1000.0, 'final_cash': 989.4638223172891, 'total_pnl': -10.5361776827109, 'total_return_pct': -1.0536177682710899, 'total_trades': 1, 'daily_trades': 0.04371584699453552, 'winning_trades': 0, 'losing_trades': 1, 'win_rate_pct': 0.0, 'profit_factor': 0.0, 'max_drawdown_pct': 1.1158666775175579, 'sharpe_ratio': -4.909066009762828, 'total_fees': 0.31198368866348747, 'total_slippage_cost': 0.2241939940474111}, 'BNB': {'initial_cash': 1000.0, 'final_cash': 1042.0145887818471, 'total_pnl': 42.014588781847124, 'total_return_pct': 4.201458878184712, 'total_trades': 4, 'daily_trades': 0.17486338797814208, 'winning_trades': 3, 'losing_trades': 1, 'win_rate_pct': 75.0, 'profit_factor': 4.9167866636721875, 'max_drawdown_pct': 1.0959195444140606, 'sharpe_ratio': 5.631729117199385, 'total_fees': 0.6418837604239697, 'total_slippage_cost': 0.22050593945339822}, 'SOL': {'initial_cash': 1000.0, 'final_cash': 989.855091239301, 'total_pnl': -10.144908760698968, 'total_return_pct': -1.0144908760698967, 'total_trades': 1, 'daily_trades': 0.04371584699453552, 'winning_trades': 0, 'losing_trades': 1, 'win_rate_pct': 0.0, 'profit_factor': 0.0, 'max_drawdown_pct': 1.1464499880826569, 'sharpe_ratio': -2.3516876881880573, 'total_fees': 0.08535103588169743, 'total_slippage_cost': 0.059557724817213435}, 'AVAX': {'initial_cash': 1000.0, 'final_cash': 989.821921376856, 'total_pnl': -10.17807862314396, 'total_return_pct': -1.017807862314396, 'total_trades': 1, 'daily_trades': 0.04371584699453552, 'winning_trades': 0, 'losing_trades': 1, 'win_rate_pct': 0.0, 'profit_factor': 0.0, 'max_drawdown_pct': 1.017807862314396, 'sharpe_ratio': -4.576339686750047, 'total_fees': 0.10469724237963918, 'total_slippage_cost': 0.07338138076429648}, 'LINK': {'initial_cash': 1000.0, 'final_cash': 989.7791379264968, 'total_pnl': -10.220862073503213, 'total_return_pct': -1.0220862073503212, 'total_trades': 1, 'daily_trades': 0.04371584699453552, 'winning_trades': 0, 'losing_trades': 1, 'win_rate_pct': 0.0, 'profit_factor': 0.0, 'max_drawdown_pct': 1.7728943042642098, 'sharpe_ratio': -3.006773072428681, 'total_fees': 0.12965054047414917, 'total_slippage_cost': 0.09121153302903356}}"
4h,2.4,75.0,2.1865632114248457,2.50713062293552,9,0,"{'BTC': {'initial_cash': 1000.0, 'final_cash': 1017.3284871367462, 'total_pnl': 17.328487136746162, 'total_return_pct': 1.7328487136746162, 'total_trades': 1, 'daily_trades': 0.04371584699453552, 'winning_trades': 1, 'losing_trades': 0, 'win_rate_pct': 100.0, 'profit_factor': 99.0, 'max_drawdown_pct': 0.6211968403284416, 'sharpe_ratio': 4.714939362483564, 'total_fees': 0.17151286325373016, 'total_slippage_cost': 0.0}, 'ETH': {'initial_cash': 1000.0, 'final_cash': 989.4857462832354, 'total_pnl': -10.514253716764642, 'total_return_pct': -1.051425371676464, 'total_trades': 1, 'daily_trades': 0.04371584699453552, 'winning_trades': 0, 'losing_trades': 1, 'win_rate_pct': 0.0, 'profit_factor': 0.0, 'max_drawdown_pct': 1.1110834620078591, 'sharpe_ratio': -4.866697604683103, 'total_fees': 0.2991928058025097, 'total_slippage_cost': 0.21506091096209876}, 'BNB': {'initial_cash': 1000.0, 'final_cash': 1029.8170832178128, 'total_pnl': 29.81708321781275, 'total_return_pct': 2.981708321781275, 'total_trades': 4, 'daily_trades': 0.17486338797814208, 'winning_trades': 3, 'losing_trades': 1, 'win_rate_pct': 75.0, 'profit_factor': 3.823309609728776, 'max_drawdown_pct': 1.429443570368521, 'sharpe_ratio': 4.012742087613088, 'total_fees': 0.6450768881833947, 'total_slippage_cost': 0.27260297436094816}, 'SOL': {'initial_cash': 1000.0, 'final_cash': 989.8615456668302, 'total_pnl': -10.138454333169761, 'total_return_pct': -1.013845433316976, 'total_trades': 1, 'daily_trades': 0.04371584699453552, 'winning_trades': 0, 'losing_trades': 1, 'win_rate_pct': 0.0, 'profit_factor': 0.0, 'max_drawdown_pct': 1.140314098482354, 'sharpe_ratio': -2.4145147924245207, 'total_fees': 0.08158651355329334, 'total_slippage_cost': 0.05686781961648475}, 'AVAX': {'initial_cash': 1000.0, 'final_cash': 1005.5495600030273, 'total_pnl': 5.549560003027295, 'total_return_pct': 0.5549560003027296, 'total_trades': 1, 'daily_trades': 0.04371584699453552, 'winning_trades': 1, 'losing_trades': 0, 'win_rate_pct': 100.0, 'profit_factor': 99.0, 'max_drawdown_pct': 0.7257822958282304, 'sharpe_ratio': 1.8117215654516658, 'total_fees': 0.08394379078594053, 'total_slippage_cost': 0.03789344356825091}, 'LINK': {'initial_cash': 1000.0, 'final_cash': 989.7887570753927, 'total_pnl': -10.21124292460729, 'total_return_pct': -1.021124292460729, 'total_trades': 1, 'daily_trades': 0.04371584699453552, 'winning_trades': 0, 'losing_trades': 1, 'win_rate_pct': 0.0, 'profit_factor': 0.0, 'max_drawdown_pct': 1.7408832035274546, 'sharpe_ratio': -3.099497464956046, 'total_fees': 0.12404020545439315, 'total_slippage_cost': 0.08720271915281294}}"
4h,2.5,75.0,2.1891339648876738,2.506207135957722,9,0,"{'BTC': {'initial_cash': 1000.0, 'final_cash': 1017.3352076512764, 'total_pnl': 17.33520765127639, 'total_return_pct': 1.7335207651276392, 'total_trades': 1, 'daily_trades': 0.04371584699453552, 'winning_trades': 1, 'losing_trades': 0, 'win_rate_pct': 100.0, 'profit_factor': 99.0, 'max_drawdown_pct': 0.5964157993401318, 'sharpe_ratio': 4.7763531124975875, 'total_fees': 0.16479234872358114, 'total_slippage_cost': 0.0}, 'ETH': {'initial_cash': 1000.0, 'final_cash': 989.5059163319058, 'total_pnl': -10.494083668094163, 'total_return_pct': -1.0494083668094163, 'total_trades': 1, 'daily_trades': 0.04371584699453552, 'winning_trades': 0, 'losing_trades': 1, 'win_rate_pct': 0.0, 'profit_factor': 0.0, 'max_drawdown_pct': 1.1066826822502989, 'sharpe_ratio': -4.8234691723622785, 'total_fees': 0.28742519357040786, 'total_slippage_cost': 0.2066584745236887}, 'BNB': {'initial_cash': 1000.0, 'final_cash': 1029.8279012235873, 'total_pnl': 29.827901223587332, 'total_return_pct': 2.9827901223587334, 'total_trades': 4, 'daily_trades': 0.17486338797814208, 'winning_trades': 3, 'losing_trades': 1, 'win_rate_pct': 75.0, 'profit_factor': 3.82799802716817, 'max_drawdown_pct': 1.3727669332716974, 'sharpe_ratio': 4.104807549518542, 'total_fees': 0.6191052194594765, 'total_slippage_cost': 0.26149157097395237}, 'SOL': {'initial_cash': 1000.0, 'final_cash': 989.867483740157, 'total_pnl': -10.132516259842987, 'total_return_pct': -1.0132516259842987, 'total_trades': 1, 'daily_trades': 0.04371584699453552, 'winning_trades': 0, 'losing_trades': 1, 'win_rate_pct': 0.0, 'profit_factor': 0.0, 'max_drawdown_pct': 1.1346684779489657, 'sharpe_ratio': -2.4737479244282077, 'total_fees': 0.07812315301116157, 'total_slippage_cost': 0.054393106831833876}, 'AVAX': {'initial_cash': 1000.0, 'final_cash': 1005.5417400945329, 'total_pnl': 5.541740094532884, 'total_return_pct': 0.5541740094532884, 'total_trades': 1, 'daily_trades': 0.04371584699453552, 'winning_trades': 1, 'losing_trades': 0, 'win_rate_pct': 100.0, 'profit_factor': 99.0, 'max_drawdown_pct': 0.696751003995098, 'sharpe_ratio': 1.8393371150644617, 'total_fees': 0.0806331439527154, 'total_slippage_cost': 0.036384814177901854}, 'LINK': {'initial_cash': 1000.0, 'final_cash': 989.7976066923771, 'total_pnl': -10.202393307622856, 'total_return_pct': -1.0202393307622857, 'total_trades': 1, 'daily_trades': 0.04371584699453552, 'winning_trades': 0, 'losing_trades': 1, 'win_rate_pct': 0.0, 'profit_factor': 0.0, 'max_drawdown_pct': 1.7114151081655002, 'sharpe_ratio': -3.1859192370499962, 'total_fees': 0.11887869723621716, 'total_slippage_cost': 0.08351461038672205}}"
